Movie_name,Genre,Year,Time,Rating,Votes,Gross(Million_$),Metascore,Director
The Shawshank Redemption,Drama            ,1994,142,9.3,2584194,28.34,81,Frank Darabont
The Godfather,"Crime, Drama            ",1972,175,9.2,1779649,134.97,100,Francis Ford Coppola
The Dark Knight,"Action, Crime, Drama            ",2008,152,9,2554477,534.86,84,Christopher Nolan
The Lord of the Rings: The Return of the King,"Action, Adventure, Drama            ",2003,201,9,1776123,377.85,94,Peter Jackson
Schindler's List,"Biography, Drama, History            ",1993,195,9,1315374,96.9,94,Oskar Schindler
The Godfather: Part II,"Crime, Drama            ",1974,202,9,1229675,57.3,90,Francis Ford Coppola
12 Angry Men,"Crime, Drama            ",1957,96,9,763252,4.36,96,Sidney Lumet
Jai Bhim,"Crime, Drama, Mystery            ",2021,164,8.9,188235,,,T.J. Gnanavel
K.G.F: Chapter 2,"Action, Crime, Drama            ",2022,168,8.9,90916,,,Prashanth Neel
Pulp Fiction,"Crime, Drama            ",1994,154,8.9,1982115,107.93,94,Quentin Tarantino
Everything Everywhere All at Once,"Action, Adventure, Comedy            ",2022,139,8.8,36099,5,82,Dan Kwan
Inception,"Action, Adventure, Sci-Fi            ",2010,148,8.8,2267882,292.58,74,Christopher Nolan
The Lord of the Rings: The Two Towers,"Action, Adventure, Drama            ",2002,179,8.8,1604158,342.55,87,Peter Jackson
Fight Club,Drama            ,1999,139,8.8,2034222,37.03,66,David Fincher
The Lord of the Rings: The Fellowship of the Ring,"Action, Adventure, Drama            ",2001,178,8.8,1797430,315.54,92,Peter Jackson
Forrest Gump,"Drama, Romance            ",1994,142,8.8,1993775,330.25,82,Robert Zemeckis
"Il buono, il brutto, il cattivo","Adventure, Western            ",1966,161,8.8,741958,6.1,90,Sergio Leone
Soorarai Pottru,Drama            ,2020,153,8.7,110103,,,Sudha Kongara
The Matrix,"Action, Sci-Fi            ",1999,136,8.7,1857434,171.48,73,Lana Wachowski
Goodfellas,"Biography, Crime, Drama            ",1990,145,8.7,1114679,46.84,90,Henry Hill
The Empire Strikes Back,"Action, Adventure, Fantasy            ",1980,124,8.7,1249502,290.48,82,Irvin Kershner
One Flew Over the Cuckoo's Nest,Drama            ,1975,133,8.7,982672,112,84,Milos Forman
Interstellar,"Adventure, Drama, Sci-Fi            ",2014,169,8.6,1728037,188.02,74,Christopher Nolan
Cidade de Deus,"Crime, Drama            ",2002,130,8.6,740793,7.56,79,Fernando Meirelles
Sen to Chihiro no kamikakushi,"Animation, Adventure, Family            ",2001,125,8.6,731409,10.06,96,Hayao Miyazaki
Saving Private Ryan,"Drama, War            ",1998,169,8.6,1345620,216.54,91,Steven Spielberg
The Green Mile,"Crime, Drama, Fantasy            ",1999,189,8.6,1256553,136.8,61,Frank Darabont
La vita è bella,"Comedy, Drama, Romance            ",1997,116,8.6,676079,57.6,59,Roberto Benigni
Se7en,"Crime, Drama, Mystery            ",1995,127,8.6,1585451,100.13,65,David Fincher
Terminator 2: Judgment Day,"Action, Sci-Fi            ",1991,137,8.6,1067463,204.84,75,James Cameron
The Silence of the Lambs,"Crime, Drama, Thriller            ",1991,118,8.6,1384190,130.74,85,Jonathan Demme
Star Wars,"Action, Adventure, Fantasy            ",1977,121,8.6,1321024,322.74,90,George Lucas
Seppuku,"Action, Drama, Mystery            ",1962,133,8.6,53785,4,85,Masaki Kobayashi
Shichinin no samurai,"Action, Drama            ",1954,207,8.6,338798,0.27,98,Akira Kurosawa
It's a Wonderful Life,"Drama, Family, Fantasy            ",1946,130,8.6,444549,2,89,Frank Capra
Asuran,"Action, Drama            ",2019,141,8.5,26305,,,Vetrimaaran
Gisaengchung,"Comedy, Drama, Thriller            ",2019,132,8.5,741743,53.37,96,Bong Joon Ho
Whiplash,"Drama, Music            ",2014,106,8.5,807732,13.09,88,Damien Chazelle
The Intouchables,"Biography, Comedy, Drama            ",2011,112,8.5,831123,13.18,57,Olivier Nakache
Sardar Udham,"Biography, Crime, Drama            ",2021,164,8.5,39183,,,Shoojit Sircar
The Prestige,"Drama, Mystery, Thriller            ",2006,130,8.5,1292929,53.09,66,Christopher Nolan
The Departed,"Crime, Drama, Thriller            ",2006,151,8.5,1284994,132.38,85,Martin Scorsese
The Pianist,"Biography, Drama, Music            ",2002,150,8.5,804589,32.57,85,Roman Polanski
Gladiator,"Action, Adventure, Drama            ",2000,155,8.5,1452876,187.71,67,Ridley Scott
American History X,Drama            ,1998,119,8.5,1095797,6.72,62,Tony Kaye
The Usual Suspects,"Crime, Drama, Mystery            ",1995,106,8.5,1060091,23.34,77,Bryan Singer
Léon,"Action, Crime, Drama            ",1994,110,8.5,1125849,19.5,64,Luc Besson
The Lion King,"Animation, Adventure, Drama            ",1994,88,8.5,1023419,422.78,88,Roger Allers
Nuovo Cinema Paradiso,"Drama, Romance            ",1988,155,8.5,254473,11.99,80,Giuseppe Tornatore
Hotaru no haka,"Animation, Drama, War            ",1988,89,8.5,266527,4,94,Isao Takahata
Back to the Future,"Adventure, Comedy, Sci-Fi            ",1985,116,8.5,1159663,210.61,87,Robert Zemeckis
Apocalypse Now,"Drama, Mystery, War            ",1979,147,8.5,650636,83.47,94,Francis Ford Coppola
Alien,"Horror, Sci-Fi            ",1979,117,8.5,853157,78.9,89,Ridley Scott
Once Upon a Time in the West,Western            ,1968,165,8.5,323179,5.32,80,Sergio Leone
Psycho,"Horror, Mystery, Thriller            ",1960,109,8.5,652755,32,97,Alfred Hitchcock
Rear Window,"Mystery, Thriller            ",1954,112,8.5,480321,36.76,100,Alfred Hitchcock
Casablanca,"Drama, Romance, War            ",1942,102,8.5,559175,1.02,100,Michael Curtiz
Modern Times,"Comedy, Drama, Romance            ",1936,87,8.5,237115,0.16,96,Charles Chaplin
City Lights,"Comedy, Drama, Romance            ",1931,87,8.5,181463,0.02,99,Charles Chaplin
Hamilton,"Biography, Drama, History            ",2020,160,8.4,86832,11,90,Thomas Kail
Capharnaüm,Drama            ,2018,126,8.4,84539,1.66,75,Nadine Labaki
RRR (Rise Roar Revolt),"Action, Drama            ",2022,187,8.4,62862,,87,S.S. Rajamouli
Joker,"Crime, Drama, Thriller            ",2019,122,8.4,1189576,335.45,59,Todd Phillips
96,"Drama, Romance            ",2018,158,8.4,28552,,,C. Prem Kumar
Kimi no na wa.,"Animation, Drama, Fantasy            ",2016,106,8.4,249879,5.02,79,Makoto Shinkai
Spider-Man: Into the Spider-Verse,"Animation, Action, Adventure            ",2018,117,8.4,488894,190.24,87,Bob Persichetti
Avengers: Endgame,"Action, Adventure, Drama            ",2019,181,8.4,1048842,858.37,78,Avengers: Infinity War
Avengers: Infinity War,"Action, Adventure, Sci-Fi            ",2018,149,8.4,1011731,678.82,68,Anthony Russo
Coco,"Animation, Adventure, Comedy            ",2017,105,8.4,476332,209.73,81,Lee Unkrich
Django Unchained,"Drama, Western            ",2012,165,8.4,1494013,162.81,81,Quentin Tarantino
The Dark Knight Rises,"Action, Crime, Drama            ",2012,164,8.4,1651518,448.14,78,Christopher Nolan
Drishyam 2,"Crime, Drama, Thriller            ",2021,152,8.4,34814,,,Jeethu Joseph
3 Idiots,"Comedy, Drama            ",2009,170,8.4,385701,6.53,67,Rajkumar Hirani
Spider-Man: No Way Home,"Action, Adventure, Fantasy            ",2021,148,8.4,622212,10,71,Jon Watts
Shershaah,"Action, Biography, Drama            ",2021,135,8.4,116802,,,Vishnuvardhan
WALL·E,"Animation, Adventure, Family            ",2008,98,8.4,1083122,223.81,95,Andrew Stanton
The Lives of Others,"Drama, Mystery, Thriller            ",2006,137,8.4,383076,11.29,89,Florian Henckel von Donnersmarck
Oldeuboi,"Action, Drama, Mystery            ",2003,120,8.4,561569,0.71,77,Park Chan-wook
Memento,"Mystery, Thriller            ",2000,113,8.4,1206536,25.54,80,Christopher Nolan
American Beauty,Drama            ,1999,122,8.4,1131444,130.1,84,Sam Mendes
Mononoke-hime,"Animation, Action, Adventure            ",1997,134,8.4,381716,2.38,76,Hayao Miyazaki
Braveheart,"Biography, Drama, History            ",1995,178,8.4,1016425,75.6,68,Mel Gibson
Idi i smotri,"Drama, Thriller, War            ",1985,142,8.4,74797,10,,Elem Klimov
Aliens,"Action, Adventure, Sci-Fi            ",1986,137,8.4,699142,85.16,84,James Cameron
Amadeus,"Biography, Drama, Music            ",1984,160,8.4,393299,51.97,88,Wolfgang Amadeus Mozart
Raiders of the Lost Ark,"Action, Adventure            ",1981,115,8.4,942965,248.16,85,Adolf Hitler
Das Boot,"Drama, War            ",1981,149,8.4,246947,11.49,86,Wolfgang Petersen
The Shining,"Drama, Horror            ",1980,146,8.4,984320,44.02,66,Stanley Kubrick
Tengoku to jigoku,"Crime, Drama, Mystery            ",1963,143,8.4,42720,9,,Akira Kurosawa
Dr. Strangelove or: How I Learned to Stop Worrying and Love the Bomb,"Comedy, War            ",1964,95,8.4,480016,0.28,97,Stanley Kubrick
Witness for the Prosecution,"Crime, Drama, Mystery            ",1957,116,8.4,122011,8.18,,Billy Wilder
Paths of Glory,"Drama, War            ",1957,88,8.4,193256,6,90,Stanley Kubrick
Sunset Blvd.,"Drama, Film-Noir            ",1950,110,8.4,217514,6,,Billy Wilder
The Great Dictator,"Comedy, Drama, War            ",1940,125,8.4,219999,0.29,,Charles Chaplin
Ratsasan,"Crime, Drama, Mystery            ",2018,170,8.3,39325,,,Ram Kumar
Ayla: The Daughter of War,"Biography, Drama, History            ",2017,125,8.3,38869,,,See full summary
Dangal,"Action, Biography, Drama            ",2016,161,8.3,182546,12.39,,Mahavir Singh Phogat
Drishyam,"Crime, Drama, Thriller            ",2013,160,8.3,40333,,,Jeethu Joseph
Jagten,Drama            ,2012,115,8.3,319308,0.69,77,Thomas Vinterberg
Jodaeiye Nader az Simin,Drama            ,2011,123,8.3,241194,7.1,95,Asghar Farhadi
Incendies,"Drama, Mystery, War            ",2010,130,8.3,171893,6.86,80,Denis Villeneuve
Up,"Animation, Adventure, Comedy            ",2009,96,8.3,1013264,293,88,Pete Docter
The Father,"Drama, Mystery            ",2020,97,8.3,134656,13,88,Florian Zeller
Taare Zameen Par,"Drama, Family            ",2007,165,8.3,188414,1.22,,Aamir Khan
Toy Story 3,"Animation, Adventure, Comedy            ",2010,103,8.3,813151,415,92,Lee Unkrich
Inglourious Basterds,"Adventure, Drama, War            ",2009,153,8.3,1393275,120.54,69,Quentin Tarantino
Eternal Sunshine of the Spotless Mind,"Drama, Romance, Sci-Fi            ",2004,108,8.3,980365,34.4,89,Michel Gondry
Le fabuleux destin d'Amélie Poulain,"Comedy, Romance            ",2001,122,8.3,743049,33.23,69,Jean-Pierre Jeunet
Snatch,"Comedy, Crime            ",2000,104,8.3,836259,30.33,55,Guy Ritchie
Requiem for a Dream,Drama            ,2000,102,8.3,820402,3.64,68,Darren Aronofsky
L.A. Confidential,"Crime, Drama, Mystery            ",1997,138,8.3,571252,64.62,90,Curtis Hanson
Good Will Hunting,"Drama, Romance            ",1997,126,8.3,936803,138.43,70,Gus Van Sant
Toy Story,"Animation, Adventure, Comedy            ",1995,81,8.3,962846,191.8,95,John Lasseter
Heat,"Action, Crime, Drama            ",1995,170,8.3,633528,67.44,76,Michael Mann
Reservoir Dogs,"Crime, Drama, Thriller            ",1992,99,8.3,989921,2.83,79,Quentin Tarantino
Full Metal Jacket,"Drama, War            ",1987,116,8.3,723832,46.36,76,Stanley Kubrick
Once Upon a Time in America,"Crime, Drama            ",1984,229,8.3,342601,5.32,75,Sergio Leone
Scarface,"Crime, Drama            ",1983,170,8.3,810324,45.6,65,Brian De Palma
Star Wars: Episode VI - Return of the Jedi,"Action, Adventure, Fantasy            ",1983,131,8.3,1020830,309.13,58,Richard Marquand
Taxi Driver,"Crime, Drama            ",1976,114,8.3,796124,28.26,94,Martin Scorsese
The Sting,"Comedy, Crime, Drama            ",1973,129,8.3,257427,159.6,83,George Roy Hill
A Clockwork Orange,"Crime, Sci-Fi            ",1971,136,8.3,809445,6.21,77,Stanley Kubrick
2001: A Space Odyssey,"Adventure, Sci-Fi            ",1968,149,8.3,651264,56.95,84,Stanley Kubrick
To Kill a Mockingbird,"Crime, Drama            ",1962,129,8.3,311628,10,88,Robert Mulligan
Lawrence of Arabia,"Adventure, Biography, Drama            ",1962,218,8.3,287837,44.82,100,T.E. Lawrence
Judgment at Nuremberg,"Drama, War            ",1961,179,8.3,76227,13,60,Stanley Kramer
The Apartment,"Comedy, Drama, Romance            ",1960,125,8.3,178076,18.6,94,Billy Wilder
North by Northwest,"Adventure, Mystery, Thriller            ",1959,136,8.3,321435,13.28,98,Alfred Hitchcock
Vertigo,"Mystery, Romance, Thriller            ",1958,128,8.3,394196,3.2,100,Alfred Hitchcock
Pather Panchali,Drama            ,1955,125,8.3,31417,0.54,,Satyajit Ray
Singin' in the Rain,"Comedy, Musical, Romance            ",1952,103,8.3,236937,8.82,99,Stanley Donen
Ikiru,Drama            ,1952,143,8.3,76688,0.06,91,Akira Kurosawa
Ladri di biciclette,Drama            ,1948,89,8.3,160662,0.33,,Vittorio De Sica
Double Indemnity,"Crime, Drama, Film-Noir            ",1944,107,8.3,154201,5.72,95,Billy Wilder
Citizen Kane,"Drama, Mystery            ",1941,119,8.3,434073,1.59,100,Orson Welles
M - Eine Stadt sucht einen Mörder,"Crime, Mystery, Thriller            ",1931,117,8.3,155165,0.03,,Fritz Lang
Metropolis,"Drama, Sci-Fi            ",1927,153,8.3,171453,1.24,98,Fritz Lang
The Kid,"Comedy, Drama, Family            ",1921,68,8.3,124448,5.45,,Charles Chaplin
Chhichhore,"Comedy, Drama, Romance            ",2019,143,8.2,49934,0.9,,Nitesh Tiwari
1917,"Action, Drama, War            ",2019,119,8.2,548933,159.23,78,Sam Mendes
Uri: The Surgical Strike,"Action, Drama, History            ",2019,138,8.2,58727,4.19,,Aditya Dhar
Tumbbad,"Drama, Fantasy, Horror            ",2018,104,8.2,41640,,,Rahi Anil Barve
Andhadhun,"Comedy, Crime, Music            ",2018,139,8.2,89116,1.37,,Sriram Raghavan
K.G.F: Chapter 1,"Action, Crime, Drama            ",2018,156,8.2,73301,,,Prashanth Neel
Green Book,"Biography, Comedy, Drama            ",2018,130,8.2,463453,85.08,69,Peter Farrelly
Vikram Vedha,"Action, Crime, Drama            ",2017,147,8.2,36847,,,Gayatri
Baahubali 2: The Conclusion,"Action, Drama            ",2017,167,8.2,92040,20.19,,S.S. Rajamouli
Drishyam,"Crime, Drama, Mystery            ",2015,163,8.2,79629,0.74,,Nishikant Kamat
Bhaag Milkha Bhaag,"Biography, Drama, Sport            ",2013,186,8.2,66802,1.63,,Milkha Singh
Inside Out,"Animation, Adventure, Comedy            ",2015,95,8.2,687185,356.46,94,Pete Docter
Gangs of Wasseypur,"Action, Comedy, Crime            ",2012,321,8.2,93694,,89,Anurag Kashyap
Paan Singh Tomar,"Action, Biography, Crime            ",2012,135,8.2,35915,0.04,,Tigmanshu Dhulia
El secreto de sus ojos,"Drama, Mystery, Romance            ",2009,129,8.2,206336,6.39,80,Juan José Campanella
Warrior,"Action, Drama, Sport            ",2011,140,8.2,463216,13.66,71,Gavin O'Connor
Shutter Island,"Mystery, Thriller            ",2010,138,8.2,1257147,128.01,63,Martin Scorsese
Kimetsu no Yaiba: Mugen Ressha-Hen,"Animation, Action, Adventure            ",2020,117,8.2,52150,47.7,72,Haruo Sotozaki
Miracle in Cell No. 7,Drama            ,2019,132,8.2,46918,,,7-beon-bang-ui seon-mul
Article 15,"Crime, Drama, Mystery            ",2019,130,8.2,32491,,,Anubhav Sinha
The Wolf of Wall Street,"Biography, Comedy, Crime            ",2013,180,8.2,1339968,116.9,75,Jordan Belfort
No Country for Old Men,"Crime, Drama, Thriller            ",2007,122,8.2,940833,74.28,92,Ethan Coen
Babam ve Oglum,"Drama, Family            ",2005,112,8.2,85549,23,,Cagan Irmak
There Will Be Blood,Drama            ,2007,158,8.2,569384,40.22,93,Paul Thomas Anderson
Pan's Labyrinth,"Drama, Fantasy, War            ",2006,118,8.2,655888,37.63,98,Guillermo del Toro
V for Vendetta,"Action, Drama, Sci-Fi            ",2005,132,8.2,1098512,70.51,62,James McTeigue
Batman Begins,"Action, Crime, Drama            ",2005,140,8.2,1426175,206.85,70,Christopher Nolan
Der Untergang,"Biography, Drama, History            ",2004,156,8.2,350103,5.51,82,Traudl Junge
Hauru no ugoku shiro,"Animation, Adventure, Family            ",2004,119,8.2,378872,4.71,80,Hayao Miyazaki
A Beautiful Mind,"Biography, Drama            ",2001,135,8.2,910051,170.74,72,John Nash
Kill Bill: Vol. 1,"Action, Crime, Drama            ",2003,111,8.2,1083288,70.1,69,Quentin Tarantino
Finding Nemo,"Animation, Adventure, Comedy            ",2003,100,8.2,1016566,380.84,90,Andrew Stanton
The Sixth Sense,"Drama, Mystery, Thriller            ",1999,107,8.2,968499,293.51,64,M. Night Shyamalan
"Lock, Stock and Two Smoking Barrels","Action, Comedy, Crime            ",1998,107,8.2,570787,3.9,66,Guy Ritchie
The Truman Show,"Comedy, Drama            ",1998,103,8.2,1035557,125.62,90,Peter Weir
Children of Heaven,"Drama, Family, Sport            ",1997,89,8.2,73468,0.93,77,Majid Majidi
Casino,"Crime, Drama            ",1995,178,8.2,505659,42.44,73,Martin Scorsese
Jurassic Park,"Action, Adventure, Sci-Fi            ",1993,127,8.2,944794,402.45,68,Steven Spielberg
Unforgiven,"Drama, Western            ",1992,130,8.2,403871,101.16,85,Clint Eastwood
Indiana Jones and the Last Crusade,"Action, Adventure            ",1989,127,8.2,737817,197.17,65,Adolf Hitler
Die Hard,"Action, Thriller            ",1988,132,8.2,856797,83.01,72,John McTiernan
Ran,"Action, Drama, War            ",1985,162,8.2,123257,4.14,96,Akira Kurosawa
The Thing,"Horror, Mystery, Sci-Fi            ",1982,109,8.2,409169,13.78,57,John Carpenter
Raging Bull,"Biography, Drama, Sport            ",1980,129,8.2,345889,23.38,89,Jake LaMotta
The Elephant Man,"Biography, Drama            ",1980,124,8.2,236870,15,78,David Lynch
Monty Python and the Holy Grail,"Adventure, Comedy, Fantasy            ",1975,91,8.2,531189,1.23,91,Terry Gilliam
Dersu Uzala,"Adventure, Biography, Drama            ",1975,142,8.2,28217,23,,Akira Kurosawa
Chinatown,"Drama, Mystery, Thriller            ",1974,130,8.2,319530,8.49,92,Roman Polanski
Z,"Crime, Drama, Thriller            ",1969,127,8.2,28173,0.08,86,Costa-Gavras
Per qualche dollaro in più,Western            ,1965,132,8.2,251337,15,74,Sergio Leone
The Great Escape,"Adventure, Drama, History            ",1963,172,8.2,240618,12.1,86,John Sturges
Yôjinbô,"Action, Drama, Thriller            ",1961,110,8.2,120772,14,93,Akira Kurosawa
Some Like It Hot,"Comedy, Music, Romance            ",1959,121,8.2,262061,25,98,Billy Wilder
The Bridge on the River Kwai,"Adventure, Drama, War            ",1957,161,8.2,217082,44.91,87,David Lean
Dial M for Murder,"Crime, Thriller            ",1954,105,8.2,172335,0.01,75,Alfred Hitchcock
Tôkyô monogatari,Drama            ,1953,136,8.2,60292,20,,Yasujirô Ozu
Le salaire de la peur,"Adventure, Drama, Thriller            ",1953,131,8.2,60014,19,85,Henri-Georges Clouzot
Rashômon,"Crime, Drama, Mystery            ",1950,88,8.2,165396,0.1,98,Akira Kurosawa
All About Eve,Drama            ,1950,138,8.2,129530,0.01,98,Joseph L. Mankiewicz
The Treasure of the Sierra Madre,"Adventure, Drama, Western            ",1948,126,8.2,123043,5.01,98,John Huston
To Be or Not to Be,"Comedy, Romance, War            ",1942,99,8.2,35972,22,86,Ernst Lubitsch
Gone with the Wind,"Drama, History, Romance            ",1939,238,8.2,310037,198.68,97,Victor Fleming
La passion de Jeanne d'Arc,"Biography, Drama, History            ",1928,110,8.2,53504,0.02,,Carl Theodor Dreyer
The General,"Action, Adventure, Comedy            ",1926,67,8.2,89831,1.03,,Clyde Bruckman
The Gold Rush,"Adventure, Comedy, Drama            ",1925,95,8.2,109679,5.45,,Charles Chaplin
Sherlock Jr.,"Action, Comedy, Romance            ",1924,45,8.2,48490,0.98,,Buster Keaton
Portrait de la jeune fille en feu,"Drama, Romance            ",2019,122,8.1,85747,3.76,95,Céline Sciamma
Pink,"Crime, Drama, Thriller            ",2016,136,8.1,44193,1.24,,Aniruddha Roy Chowdhury
Koe no katachi,"Animation, Drama            ",2016,130,8.1,75098,,78,Naoko Yamada
"Three Billboards Outside Ebbing, Missouri","Comedy, Crime, Drama            ",2017,115,8.1,489685,54.51,88,Martin McDonagh
Talvar,"Crime, Drama, Mystery            ",2015,132,8.1,34687,0.34,,Meghna Gulzar
Klaus,"Animation, Adventure, Comedy            ",2019,96,8.1,141742,19,65,Sergio Pablos
Masaan,Drama            ,2015,109,8.1,27467,,,Neeraj Ghaywan
Ah-ga-ssi,"Drama, Romance, Thriller            ",2016,145,8.1,138339,2.01,84,Park Chan-wook
Bajrangi Bhaijaan,"Action, Adventure, Comedy            ",2015,163,8.1,84991,8.18,,Kabir Khan
Haider,"Action, Crime, Drama            ",2014,160,8.1,54451,0.9,,Vishal Bhardwaj
Queen,"Adventure, Comedy, Drama            ",2013,146,8.1,65049,1.43,,Vikas Bahl
Logan,"Action, Drama, Sci-Fi            ",2017,137,8.1,728567,226.28,77,James Mangold
Room,"Drama, Thriller            ",2015,118,8.1,408858,14.68,86,Lenny Abrahamson
Relatos salvajes,"Comedy, Drama, Thriller            ",2014,122,8.1,193621,3.11,77,Damián Szifron
Mandariinid,"Drama, War            ",2013,87,8.1,45748,0.14,73,Zaza Urushadze
Kis Uykusu,Drama            ,2014,196,8.1,51078,0.17,88,Nuri Bilge Ceylan
PK,"Comedy, Drama, Sci-Fi            ",2014,153,8.1,179571,10.62,,Rajkumar Hirani
OMG: Oh My God!,"Comedy, Drama, Fantasy            ",2012,125,8.1,57503,0.92,,Umesh Shukla
The Grand Budapest Hotel,"Adventure, Comedy, Crime            ",2014,99,8.1,780422,59.1,88,Wes Anderson
Gone Girl,"Drama, Mystery, Thriller            ",2014,149,8.1,950636,167.77,79,David Fincher
Ôkami kodomo no Ame to Yuki,"Animation, Drama, Family            ",2012,117,8.1,43856,,71,Mamoru Hosoda
Hacksaw Ridge,"Biography, Drama, History            ",2016,139,8.1,501307,67.21,71,Desmond T. Doss
Barfi!,"Comedy, Drama, Romance            ",2012,151,8.1,80730,2.8,,Anurag Basu
12 Years a Slave,"Biography, Drama, History            ",2013,134,8.1,685584,56.67,96,Solomon Northup
Rush,"Action, Biography, Drama            ",2013,123,8.1,468319,26.95,74,James Hunt
Ford v Ferrari,"Action, Biography, Drama            ",2019,152,8.1,366231,117.62,81,Carroll Shelby
Spotlight,"Biography, Crime, Drama            ",2015,129,8.1,459161,45.06,93,Tom McCarthy
Kahaani,"Mystery, Thriller            ",2012,122,8.1,62230,1.04,,Sujoy Ghosh
Udaan,Drama            ,2010,134,8.1,44702,0.01,,Vikramaditya Motwane
Zindagi Na Milegi Dobara,"Comedy, Drama, Musical            ",2011,155,8.1,75889,3.11,,Zoya Akhtar
The Help,Drama            ,2011,146,8.1,449618,169.71,62,Tate Taylor
Prisoners,"Crime, Drama, Mystery            ",2013,153,8.1,679376,61,70,Denis Villeneuve
Mad Max: Fury Road,"Action, Adventure, Sci-Fi            ",2015,120,8.1,968438,154.06,90,George Miller
A Wednesday,"Action, Crime, Drama            ",2008,104,8.1,77937,,,Neeraj Pandey
Gran Torino,Drama            ,2008,116,8.1,761344,148.1,72,Clint Eastwood
Harry Potter and the Deathly Hallows: Part 2,"Adventure, Fantasy, Mystery            ",2011,130,8.1,845219,381.01,85,David Yates
Dune: Part One,"Action, Adventure, Drama            ",2021,155,8.1,562093,,74,Denis Villeneuve
Hachi: A Dog's Tale,"Biography, Drama, Family            ",2009,93,8.1,277560,23,,Lasse Hallström
Mary and Max.,"Animation, Comedy, Drama            ",2009,92,8.1,174929,20,,Adam Elliot
How to Train Your Dragon,"Animation, Action, Adventure            ",2010,98,8.1,719457,217.58,75,Dean DeBlois
Chak De! India,"Drama, Family, Sport            ",2007,153,8.1,79142,1.11,68,Shimit Amin
Into the Wild,"Adventure, Biography, Drama            ",2007,148,8.1,611773,18.35,73,Sean Penn
Rang De Basanti,"Comedy, Crime, Drama            ",2006,167,8.1,118133,2.2,,Rakeysh Omprakash Mehra
Million Dollar Baby,"Drama, Sport            ",2004,132,8.1,675067,100.49,86,Clint Eastwood
Hotel Rwanda,"Biography, Drama, History            ",2004,121,8.1,350895,23.53,79,Paul Rusesabagina
Ratatouille,"Animation, Adventure, Comedy            ",2007,111,8.1,702517,206.45,96,Brad Bird
Before Sunset,"Drama, Romance            ",2004,80,8.1,256981,5.82,90,Richard Linklater
Black,Drama            ,2005,122,8.1,34743,0.73,,Sanjay Leela Bhansali
Munna Bhai M.B.B.S.,"Comedy, Drama            ",2003,156,8.1,80309,,,Rajkumar Hirani
"Swades: We, the People","Drama, Musical            ",2004,210,8.1,89127,1.22,,Ashutosh Gowariker
Salinui chueok,"Crime, Drama, Mystery            ",2003,131,8.1,172869,0.01,82,Bong Joon Ho
Dil Chahta Hai,"Comedy, Drama, Romance            ",2001,183,8.1,71199,0.3,,Farhan Akhtar
Catch Me If You Can,"Biography, Crime, Drama            ",2002,141,8.1,938051,164.62,75,Steven Spielberg
Amores perros,"Drama, Thriller            ",2000,154,8.1,237124,5.38,83,Alejandro G. Iñárritu
Hera Pheri,"Action, Comedy, Crime            ",2000,156,8.1,65073,,,Priyadarshan
Sarfarosh,"Action, Drama, Thriller            ",1999,174,8.1,25477,,,John Mathew Matthan
"Monsters, Inc.","Animation, Adventure, Comedy            ",2001,92,8.1,882496,289.92,79,Pete Docter
Lagaan: Once Upon a Time in India,"Drama, Musical, Sport            ",2001,224,8.1,112038,0.07,84,Ashutosh Gowariker
Festen,Drama            ,1998,105,8.1,85897,1.65,82,Thomas Vinterberg
The Big Lebowski,"Comedy, Crime            ",1998,117,8.1,790088,17.5,71,Joel Coen
Trainspotting,Drama            ,1996,93,8.1,673507,16.5,83,Danny Boyle
Fargo,"Crime, Thriller            ",1996,98,8.1,663592,24.61,85,Joel Coen
Eskiya,"Crime, Drama, Thriller            ",1996,128,8.1,69529,,,Yavuz Turgul
Underground,"Comedy, Drama, Fantasy            ",1995,170,8.1,57989,0.17,79,Emir Kusturica
La haine,"Crime, Drama            ",1995,98,8.1,168070,0.31,,Mathieu Kassovitz
Before Sunrise,"Drama, Romance            ",1995,101,8.1,298385,5.54,77,Richard Linklater
Trois couleurs: Rouge,"Drama, Mystery, Romance            ",1994,99,8.1,101473,4.04,100,Krzysztof Kieslowski
In the Name of the Father,"Biography, Crime, Drama            ",1993,133,8.1,171453,25.01,84,Jim Sheridan
Groundhog Day,"Comedy, Drama, Fantasy            ",1993,101,8.1,614255,70.91,72,Harold Ramis
Ba wang bie ji,"Drama, Music, Romance            ",1993,171,8.1,28222,5.22,83,Kaige Chen
Da hong deng long gao gao gua,"Drama, History, Romance            ",1991,125,8.1,32210,2.6,,Yimou Zhang
Dom za vesanje,"Comedy, Crime, Drama            ",1988,142,8.1,30402,0.28,,Emir Kusturica
Dead Poets Society,"Comedy, Drama            ",1989,128,8.1,471638,95.86,79,Peter Weir
Tonari no Totoro,"Animation, Comedy, Family            ",1988,86,8.1,327197,1.11,86,Hayao Miyazaki
Stand by Me,"Adventure, Drama            ",1986,89,8.1,393082,52.29,75,Rob Reiner
Platoon,"Drama, War            ",1986,120,8.1,406451,138.53,92,Oliver Stone
Jean de Florette,"Comedy, Drama, Western            ",1986,120,8.1,25604,4.94,,Claude Berri
The Terminator,"Action, Sci-Fi            ",1984,107,8.1,841467,38.4,84,James Cameron
Gandhi,"Biography, Drama            ",1982,191,8.1,227901,52.77,79,Richard Attenborough
Fanny och Alexander,Drama            ,1982,188,8.1,63154,4.97,100,Ingmar Bergman
Blade Runner,"Action, Drama, Sci-Fi            ",1982,117,8.1,748388,32.87,84,Ridley Scott
Stalker,"Drama, Sci-Fi            ",1979,162,8.1,131374,0.23,,Andrei Tarkovsky
Höstsonaten,"Drama, Music            ",1978,99,8.1,33675,,,Ingmar Bergman
The Deer Hunter,"Drama, War            ",1978,183,8.1,333453,48.98,86,Michael Cimino
Rocky,"Drama, Sport            ",1976,120,8.1,559676,117.24,70,John G. Avildsen
Network,Drama            ,1976,121,8.1,156960,21,83,Sidney Lumet
The Message,"Biography, Drama, History            ",1976,177,8.1,47008,,,Moustapha Akkad
Sholay,"Action, Adventure, Comedy            ",1975,204,8.1,55008,,,Ramesh Sippy
Jaws,"Adventure, Thriller            ",1975,124,8.1,582564,260,87,Steven Spielberg
Barry Lyndon,"Adventure, Drama, War            ",1975,185,8.1,163932,19,89,Stanley Kubrick
Paper Moon,"Comedy, Crime, Drama            ",1973,102,8.1,46849,30.93,77,Peter Bogdanovich
The Exorcist,Horror            ,1973,122,8.1,391799,232.91,81,William Friedkin
Anand,"Drama, Musical            ",1971,122,8.1,33489,,,Hrishikesh Mukherjee
Cool Hand Luke,"Crime, Drama            ",1967,127,8.1,174442,16.22,92,Stuart Rosenberg
Persona,"Drama, Thriller            ",1966,85,8.1,115515,23,86,Ingmar Bergman
The Sound of Music,"Biography, Drama, Family            ",1965,172,8.1,226175,163.21,63,Robert Wise
La battaglia di Algeri,"Drama, War            ",1966,121,8.1,59054,0.06,96,Gillo Pontecorvo
The Man Who Shot Liberty Valance,"Drama, Western            ",1962,123,8.1,74892,,94,John Ford
Jungfrukällan,Drama            ,1960,89,8.1,28950,1.53,,Ingmar Bergman
Inherit the Wind,"Biography, Drama, History            ",1960,128,8.1,29874,,75,Stanley Kramer
Les quatre cents coups,"Crime, Drama            ",1959,99,8.1,115447,23,,François Truffaut
Ben-Hur,"Adventure, Drama, History            ",1959,212,8.1,235455,74.7,90,William Wyler
Kakushi-toride no san-akunin,"Action, Adventure, Drama            ",1958,139,8.1,38487,,89,Akira Kurosawa
Smultronstället,"Drama, Romance            ",1957,91,8.1,105603,18,88,Ingmar Bergman
Det sjunde inseglet,"Drama, Fantasy            ",1957,96,8.1,181694,19,88,Ingmar Bergman
Le notti di Cabiria,Drama            ,1957,110,8.1,48288,0.75,,Federico Fellini
Kumonosu-jô,"Drama, History            ",1957,110,8.1,51426,,,Akira Kurosawa
Du rififi chez les hommes,"Crime, Drama, Thriller            ",1955,118,8.1,33872,0.06,97,Jules Dassin
On the Waterfront,"Crime, Drama, Thriller            ",1954,108,8.1,152665,9.6,91,Elia Kazan
Les diaboliques,"Crime, Drama, Horror            ",1955,117,8.1,65234,1.09,,Henri-Georges Clouzot
Ace in the Hole,"Drama, Film-Noir            ",1951,111,8.1,35342,3.97,72,Billy Wilder
White Heat,"Action, Crime, Drama            ",1949,114,8.1,32434,,,Raoul Walsh
The Third Man,"Film-Noir, Mystery, Thriller            ",1949,104,8.1,169355,0.45,97,Carol Reed
The Red Shoes,"Drama, Music, Romance            ",1948,135,8.1,34399,10.9,,Michael Powell
The Best Years of Our Lives,"Drama, Romance, War            ",1946,170,8.1,63073,23.65,93,William Wyler
The Shop Around the Corner,"Comedy, Drama, Romance            ",1940,99,8.1,32454,0.2,96,Ernst Lubitsch
Rebecca,"Drama, Film-Noir, Mystery            ",1940,130,8.1,135034,4.36,86,Alfred Hitchcock
The Grapes of Wrath,Drama            ,1940,129,8.1,91583,0.06,96,John Ford
The Wizard of Oz,"Adventure, Family, Fantasy            ",1939,102,8.1,389628,2.08,92,Victor Fleming
Mr. Smith Goes to Washington,"Comedy, Drama            ",1939,129,8.1,114293,9.6,73,Frank Capra
La Grande Illusion,"Drama, War            ",1937,113,8.1,36251,0.17,,Jean Renoir
It Happened One Night,"Comedy, Romance            ",1934,105,8.1,102189,4.36,87,Frank Capra
All Quiet on the Western Front,"Drama, War            ",1930,152,8.1,60818,3.27,91,Lewis Milestone
The Circus,"Comedy, Family, Romance            ",1928,72,8.1,33322,,90,Charles Chaplin
Sunrise: A Song of Two Humans,"Drama, Romance            ",1927,94,8.1,50620,0.54,,F.W. Murnau
Badhaai ho,"Comedy, Drama            ",2018,124,8,33519,,,Amit Ravindernath Sharma
WolfWalkers,"Animation, Adventure, Family            ",2020,103,8,30379,,87,Tomm Moore
Contratiempo,"Crime, Drama, Mystery            ",2016,106,8,170328,,,Oriol Paulo
La La Land,"Comedy, Drama, Music            ",2016,128,8,564745,151.1,94,Damien Chazelle
Lion,"Biography, Drama            ",2016,118,8,232093,51.74,69,Garth Davis
The Martian,"Adventure, Drama, Sci-Fi            ",2015,144,8,827593,228.43,80,Ridley Scott
Mommy,Drama            ,2014,139,8,55925,3.49,74,Xavier Dolan
Soul,"Animation, Adventure, Comedy            ",2020,100,8,308673,,83,Pete Docter
Zootopia,"Animation, Adventure, Comedy            ",2016,108,8,481362,341.27,78,Byron Howard
Bãhubali: The Beginning,"Action, Drama            ",2015,159,8,117280,6.74,,S.S. Rajamouli
Kaguya-hime no monogatari,"Animation, Drama, Family            ",2013,137,8,45153,1.51,89,Isao Takahata
Special Chabbis,"Crime, Drama, Thriller            ",2013,144,8,55542,1.08,,Neeraj Pandey
The Imitation Game,"Biography, Drama, Thriller            ",2014,114,8,748513,91.13,71,Alan Turing
Guardians of the Galaxy,"Action, Adventure, Comedy            ",2014,121,8,1139116,333.18,76,James Gunn
X-Men: Days of Future Past,"Action, Adventure, Sci-Fi            ",2014,132,8,697807,233.92,75,Bryan Singer
The Batman,"Action, Crime, Drama            ",2022,176,8,453165,,72,Matt Reeves
Song of the Sea,"Animation, Adventure, Drama            ",2014,93,8,57363,0.86,85,Tomm Moore
Blade Runner 2049,"Action, Drama, Mystery            ",2017,164,8,539679,92.05,81,Denis Villeneuve
Her,"Drama, Romance, Sci-Fi            ",2013,126,8,592182,25.57,91,Spike Jonze
The Revenant,"Action, Adventure, Drama            ",2015,156,8,777444,183.64,76,Alejandro G. Iñárritu
The Perks of Being a Wallflower,"Drama, Romance            ",2012,103,8,497956,17.74,67,Stephen Chbosky
Tropa de Elite 2: O Inimigo Agora é Outro,"Action, Crime, Drama            ",2010,115,8,82429,0.1,71,José Padilha
The King's Speech,"Biography, Drama, History            ",2010,118,8,670739,138.8,88,King George VI
Deadpool,"Action, Adventure, Comedy            ",2016,108,8,995832,363.07,65,Tim Miller
Zack Snyder's Justice League,"Action, Adventure, Fantasy            ",2021,242,8,376578,,54,Zack Snyder
Ip Man,"Action, Biography, Drama            ",2008,106,8,221327,,59,Wilson Yip
Okuribito,"Drama, Music            ",2008,130,8,51645,1.5,68,Yôjirô Takita
CODA,"Comedy, Drama, Music            ",2021,111,8,106582,,74,Sian Heder
Slumdog Millionaire,"Drama, Romance            ",2008,120,8,833296,141.32,84,Danny Boyle
Black Swan,"Drama, Thriller            ",2010,108,8,745834,106.95,79,Darren Aronofsky
Tropa de Elite,"Action, Crime, Drama            ",2007,115,8,102860,0.01,33,José Padilha
The Avengers,"Action, Adventure, Sci-Fi            ",2012,143,8,1353471,623.28,69,Joss Whedon
Persepolis,"Animation, Biography, Drama            ",2007,96,8,93732,4.45,90,Vincent Paronnaud
Lage Raho Munna Bhai,"Comedy, Drama, Romance            ",2006,144,8,46455,2.22,,Rajkumar Hirani
The Pursuit of Happyness,"Biography, Drama            ",2006,117,8,495305,163.57,64,Gabriele Muccino
Blood Diamond,"Adventure, Drama, Thriller            ",2006,143,8,536744,57.37,64,Edward Zwick
The Bourne Ultimatum,"Action, Mystery, Thriller            ",2007,115,8,627300,227.47,85,Paul Greengrass
Dare mo shiranai,Drama            ,2004,141,8,27484,0.68,88,Hirokazu Koreeda
Sin City,"Crime, Thriller            ",2005,124,8,760186,74.1,74,Frank Miller
Le scaphandre et le papillon,"Biography, Drama            ",2007,112,8,107095,5.99,92,Jean-Dominique Bauby
Taegukgi hwinalrimyeo,"Action, Drama, War            ",2004,140,8,39509,1.11,64,Je-kyu Kang
G.O.R.A.,"Adventure, Comedy, Sci-Fi            ",2004,127,8,61851,,,Ömer Faruk Sorak
Casino Royale,"Action, Adventure, Thriller            ",2006,144,8,644186,167.45,80,Martin Campbell
Kill Bill: Vol. 2,"Action, Crime, Thriller            ",2004,137,8,736742,66.21,83,Quentin Tarantino
Bom yeoreum gaeul gyeoul geurigo bom,"Drama, Romance            ",2003,103,8,82106,2.38,85,Kim Ki-duk
Mar adentro,"Biography, Drama            ",2004,126,8,81194,2.09,74,Alejandro Amenábar
Cinderella Man,"Biography, Drama, History            ",2005,144,8,185343,61.65,69,Ron Howard
Mou gaan dou,"Action, Crime, Drama            ",2002,101,8,123479,0.17,75,Andrew Lau
Pirates of the Caribbean: The Curse of the Black Pearl,"Action, Adventure, Fantasy            ",2003,143,8,1080871,305.41,63,Gore Verbinski
Big Fish,"Adventure, Drama, Fantasy            ",2003,125,8,435711,66.26,58,Tim Burton
The Incredibles,"Animation, Action, Adventure            ",2004,115,8,709441,261.44,90,Brad Bird
Yeopgijeogin geunyeo,"Comedy, Drama, Romance            ",2001,137,8,47769,,,Jae-young Kwak
Dogville,"Crime, Drama            ",2003,178,8,146875,1.53,60,Lars von Trier
Vizontele,"Comedy, Drama            ",2001,110,8,36309,,,Yilmaz Erdogan
Donnie Darko,"Drama, Mystery, Sci-Fi            ",2001,113,8,783548,1.48,88,Richard Kelly
Magnolia,Drama            ,1999,188,8,307727,22.46,77,Paul Thomas Anderson
"Shin seiki Evangelion Gekijô-ban: Air/Magokoro wo, kimi ni","Animation, Action, Drama            ",1997,87,8,52038,,,Shin seiki evangerion
The Straight Story,"Biography, Drama            ",1999,112,8,89286,6.2,86,David Lynch
Pâfekuto burû,"Animation, Crime, Drama            ",1997,81,8,71872,0.78,,Satoshi Kon
Central do Brasil,Drama            ,1998,115,8,39232,5.6,80,Walter Salles
The Iron Giant,"Animation, Action, Adventure            ",1999,86,8,187413,23.16,85,Brad Bird
La leggenda del pianista sull'oceano,"Drama, Music, Romance            ",1998,169,8,63371,0.26,58,Giuseppe Tornatore
"Crna macka, beli macor","Comedy, Crime, Romance            ",1998,127,8,53352,0.35,73,Emir Kusturica
Fa Yeung Nin Wah,"Drama, Romance            ",2000,98,8,144753,2.73,85,Kar-Wai Wong
Sling Blade,Drama            ,1996,135,8,93016,24.48,84,Billy Bob Thornton
Secrets & Lies,"Comedy, Drama            ",1996,136,8,42654,13.42,91,Mike Leigh
Twelve Monkeys,"Mystery, Sci-Fi, Thriller            ",1995,129,8,608443,57.14,74,Terry Gilliam
Dilwale Dulhania Le Jayenge,"Drama, Romance            ",1995,189,8,68251,,,Aditya Chopra
Chung Hing sam lam,"Comedy, Crime, Drama            ",1994,102,8,77484,0.6,78,Kar-Wai Wong
Andaz Apna Apna,"Action, Comedy, Romance            ",1994,160,8,52841,,,Rajkumar Santoshi
Scent of a Woman,Drama            ,1992,156,8,288746,63.9,59,Martin Brest
Aladdin,"Animation, Adventure, Comedy            ",1992,90,8,402688,217.35,86,Ron Clements
JFK,"Drama, History, Thriller            ",1991,189,8,153397,70.41,72,Jim Garrison
Beauty and the Beast,"Animation, Family, Fantasy            ",1991,84,8,441921,218.97,95,Gary Trousdale
Dances with Wolves,"Adventure, Drama, Western            ",1990,181,8,259695,184.21,72,Kevin Costner
Rain Man,Drama            ,1988,133,8,503066,178.8,65,Barry Levinson
Akira,"Animation, Action, Drama            ",1988,124,8,181033,0.55,67,Katsuhiro Ôtomo
The Princess Bride,"Adventure, Family, Fantasy            ",1987,98,8,420704,30.86,77,Rob Reiner
Der Himmel über Berlin,"Drama, Fantasy, Romance            ",1987,128,8,69959,3.33,79,Wim Wenders
Au revoir les enfants,"Drama, War            ",1987,104,8,33496,4.54,88,Louis Malle
Tenkû no shiro Rapyuta,"Animation, Adventure, Family            ",1986,125,8,162979,,78,Hayao Miyazaki
"Paris, Texas",Drama            ,1984,145,8,103639,2.18,78,Wim Wenders
Kaze no tani no Naushika,"Animation, Adventure, Sci-Fi            ",1984,117,8,166146,0.5,86,Hayao Miyazaki
Nostalgia,Drama            ,1983,125,8,26566,0.01,,Andrei Tarkovsky
Pink Floyd: The Wall,"Drama, Fantasy, Music            ",1982,95,8,80161,22.24,47,Alan Parker
Fitzcarraldo,"Adventure, Drama            ",1982,158,8,34461,,,Werner Herzog
Life of Brian,Comedy            ,1979,94,8,392673,20.05,77,Jesus Christ
Being There,"Comedy, Drama            ",1979,130,8,71635,30.18,83,Hal Ashby
Annie Hall,"Comedy, Romance            ",1977,93,8,262581,39.2,92,Woody Allen
Dog Day Afternoon,"Biography, Crime, Drama            ",1975,125,8,252362,50,86,Sidney Lumet
Zerkalo,"Biography, Drama            ",1975,107,8,45575,0.18,80,Andrei Tarkovsky
Young Frankenstein,Comedy            ,1974,106,8,155589,86.3,80,Mel Brooks
Papillon,"Biography, Crime, Drama            ",1973,151,8,129053,53.27,58,Franklin J. Schaffner
Viskningar och rop,Drama            ,1972,91,8,33691,1.74,,Ingmar Bergman
Solaris,"Drama, Mystery, Sci-Fi            ",1972,167,8,89647,,90,Andrei Tarkovsky
Sleuth,"Mystery, Thriller            ",1972,138,8,47355,4.08,,Joseph L. Mankiewicz
The Last Picture Show,"Drama, Romance            ",1971,118,8,47574,29.13,93,Peter Bogdanovich
Fiddler on the Roof,"Drama, Family, Musical            ",1971,181,8,43089,80.5,67,Norman Jewison
Butch Cassidy and the Sundance Kid,"Biography, Crime, Drama            ",1969,110,8,213168,102.31,66,George Roy Hill
Rosemary's Baby,"Drama, Horror            ",1968,137,8,210680,,96,Roman Polanski
Planet of the Apes,"Adventure, Sci-Fi            ",1968,112,8,177363,33.4,79,Franklin J. Schaffner
Le Samouraï,"Crime, Drama            ",1967,105,8,50509,0.04,,Jean-Pierre Melville
The Graduate,"Comedy, Drama, Romance            ",1967,106,8,269244,104.95,83,Mike Nichols
Who's Afraid of Virginia Woolf?,Drama            ,1966,131,8,74409,,75,Mike Nichols
Andrei Rublev,"Biography, Drama, History            ",1966,205,8,52886,0.1,,Andrei Tarkovsky
Il gattopardo,"Drama, History            ",1963,186,8,25570,,100,Luchino Visconti
8½,Drama            ,1963,138,8,116385,0.05,91,Federico Fellini
El ángel exterminador,"Drama, Fantasy            ",1962,95,8,32754,,,Luis Buñuel
What Ever Happened to Baby Jane?,"Drama, Horror, Thriller            ",1962,134,8,54967,4.05,75,Robert Aldrich
Sanjuro,"Action, Drama, Thriller            ",1962,96,8,37698,,,Akira Kurosawa
Ivanovo detstvo,"Drama, War            ",1962,95,8,35882,,,Andrei Tarkovsky
The Hustler,"Drama, Sport            ",1961,134,8,81042,8.28,90,Robert Rossen
La dolce vita,"Comedy, Drama            ",1960,174,8,71997,19.52,95,Federico Fellini
Rio Bravo,Western            ,1959,141,8,61454,12.54,93,Howard Hawks
Anatomy of a Murder,"Drama, Mystery            ",1959,161,8,65441,11.9,95,Otto Preminger
Touch of Evil,"Crime, Drama, Film-Noir            ",1958,95,8,103445,2.24,99,Orson Welles
Cat on a Hot Tin Roof,Drama            ,1958,108,8,48871,17.57,84,Richard Brooks
Sweet Smell of Success,"Drama, Film-Noir            ",1957,96,8,31411,,100,Alexander Mackendrick
The Killing,"Crime, Drama, Film-Noir            ",1956,84,8,88537,,91,Stanley Kubrick
The Night of the Hunter,"Crime, Drama, Film-Noir            ",1955,92,8,88053,0.65,99,Charles Laughton
La Strada,Drama            ,1954,108,8,62497,,,Federico Fellini
Stalag 17,"Comedy, Drama, War            ",1953,120,8,55335,,84,Billy Wilder
Roman Holiday,"Comedy, Romance            ",1953,118,8,136587,,78,William Wyler
High Noon,"Drama, Thriller, Western            ",1952,85,8,103111,9.45,89,Fred Zinnemann
Kind Hearts and Coronets,"Comedy, Crime            ",1949,106,8,37009,,,Robert Hamer
Out of the Past,"Crime, Drama, Film-Noir            ",1947,97,8,36563,,,Jacques Tourneur
Roma città aperta,"Drama, Thriller, War            ",1945,103,8,26172,,,Roberto Rossellini
Mildred Pierce,"Crime, Drama, Film-Noir            ",1945,111,8,25529,,88,Michael Curtiz
Brief Encounter,"Drama, Romance            ",1945,86,8,39622,,92,David Lean
The Maltese Falcon,"Crime, Film-Noir, Mystery            ",1941,100,8,156663,2.11,97,John Huston
Bronenosets Potemkin,"Drama, History, Thriller            ",1925,75,8,57033,0.05,97,Sergei Eisenstein
Das Cabinet des Dr. Caligari,"Horror, Mystery, Thriller            ",1920,76,8,62543,,,Robert Wiene
Knives Out,"Comedy, Crime, Drama            ",2019,130,7.9,589130,165.36,82,Rian Johnson
Manbiki kazoku,"Crime, Drama            ",2018,121,7.9,73720,3.31,93,Hirokazu Koreeda
Marriage Story,"Drama, Romance            ",2019,137,7.9,294135,2,94,Noah Baumbach
Super 30,"Biography, Drama            ",2019,154,7.9,29975,2.27,,Vikas Bahl
Padman,"Biography, Comedy, Drama            ",2018,140,7.9,25369,1.66,,R. Balki
Togo,"Adventure, Biography, Drama            ",2019,113,7.9,47042,,69,Ericson Core
Airlift,"Action, Drama, History            ",2016,130,7.9,56432,,,Raja Menon
M.S. Dhoni: The Untold Story,"Biography, Drama, Sport            ",2016,184,7.9,53742,1.78,,Mahendra Singh Dhoni
Baby,"Action, Crime, Thriller            ",2015,159,7.9,56976,,,Neeraj Pandey
Sing Street,"Comedy, Drama, Music            ",2016,106,7.9,92205,3.24,79,John Carney
Thor: Ragnarok,"Action, Adventure, Comedy            ",2017,130,7.9,696817,315.06,74,Taika Waititi
Jojo Rabbit,"Comedy, Drama, War            ",2019,108,7.9,367822,0.35,58,Taika Waititi
Wonder,"Drama, Family            ",2017,113,7.9,159882,132.42,66,Stephen Chbosky
Arrival,"Drama, Sci-Fi            ",2016,116,7.9,669105,100.55,81,Denis Villeneuve
Gully Boy,"Drama, Music, Romance            ",2019,154,7.9,38192,5.57,65,Zoya Akhtar
Short Term 12,Drama            ,2013,96,7.9,86972,1.01,82,Destin Daniel Cretton
Serbuan maut 2: Berandal,"Action, Crime, Thriller            ",2014,150,7.9,121639,2.63,71,Gareth Evans
Before Midnight,"Drama, Romance            ",2013,109,7.9,154071,8.11,94,Richard Linklater
Bohemian Rhapsody,"Biography, Drama, Music            ",2018,134,7.9,516469,216.43,49,Queen
The Artist,"Comedy, Drama, Romance            ",2011,100,7.9,239686,44.67,89,Michel Hazanavicius
Edge of Tomorrow,"Action, Adventure, Sci-Fi            ",2014,113,7.9,655738,100.21,71,Doug Liman
Amour,Drama            ,2012,127,7.9,99080,6.74,94,Michael Haneke
Darbareye Elly,"Drama, Mystery            ",2009,119,7.9,52818,0.11,87,Asghar Farhadi
Dev.D,"Comedy, Drama, Romance            ",2009,144,7.9,30427,0.01,,Anurag Kashyap
My Name Is Khan,"Drama, Romance            ",2010,165,7.9,105299,4.02,50,Karan Johar
Nefes: Vatan Sagolsun,"Action, Drama, Thriller            ",2009,128,7.9,33477,,,Levent Semerci
Låt den rätte komma in,"Drama, Fantasy, Horror            ",2008,114,7.9,214569,2.12,82,Tomas Alfredson
District 9,"Action, Sci-Fi, Thriller            ",2009,112,7.9,670258,115.65,81,Neill Blomkamp
The Wrestler,"Drama, Sport            ",2008,109,7.9,302315,26.24,80,Darren Aronofsky
Jab We Met,"Comedy, Drama, Romance            ",2007,138,7.9,51996,0.41,,Imtiaz Ali
Boyhood,Drama            ,2014,165,7.9,350609,25.38,100,Richard Linklater
Verdens verste menneske,"Comedy, Drama, Romance            ",2021,128,7.9,40903,,90,Joachim Trier
"4 luni, 3 saptamâni si 2 zile",Drama            ,2007,113,7.9,59628,1.19,97,Cristian Mungiu
Star Trek,"Action, Adventure, Sci-Fi            ",2009,127,7.9,597828,257.73,82,J.J. Abrams
Dallas Buyers Club,"Biography, Drama            ",2013,117,7.9,477411,27.3,79,Jean-Marc Vallée
In Bruges,"Comedy, Crime, Drama            ",2008,107,7.9,413760,7.76,67,Martin McDonagh
The Man from Earth,"Drama, Fantasy, Mystery            ",2007,87,7.9,184944,,,Richard Schenkman
Letters from Iwo Jima,"Action, Adventure, Drama            ",2006,141,7.9,161239,13.76,89,Clint Eastwood
Life of Pi,"Adventure, Drama, Fantasy            ",2012,127,7.9,616666,124.99,79,Ang Lee
Fantastic Mr. Fox,"Animation, Adventure, Comedy            ",2009,87,7.9,224716,21,83,Wes Anderson
Bin-jip,"Crime, Drama, Romance            ",2004,88,7.9,54560,0.24,72,Kim Ki-duk
C.R.A.Z.Y.,"Comedy, Drama            ",2005,129,7.9,32713,,81,Jean-Marc Vallée
Vozvrashchenie,Drama            ,2003,110,7.9,45205,0.5,82,Andrey Zvyagintsev
Iron Man,"Action, Adventure, Sci-Fi            ",2008,126,7.9,1026049,318.41,79,Jon Favreau
Shaun of the Dead,"Comedy, Horror            ",2004,99,7.9,546066,13.54,76,Edgar Wright
Kal Ho Naa Ho,"Comedy, Drama, Musical            ",2003,186,7.9,68084,1.79,54,Nikkhil Advani
Gegen die Wand,"Drama, Romance            ",2004,121,7.9,53887,,78,Fatih Akin
Mystic River,"Crime, Drama, Mystery            ",2003,138,7.9,448795,90.14,84,Clint Eastwood
Harry Potter and the Prisoner of Azkaban,"Adventure, Family, Fantasy            ",2004,142,7.9,613888,249.36,82,Alfonso Cuarón
Ying xiong,"Action, Adventure, Drama            ",2002,120,7.9,180060,53.71,85,Yimou Zhang
Hable con ella,"Drama, Mystery, Romance            ",2002,112,7.9,111348,9.28,86,Pedro Almodóvar
No Man's Land,"Comedy, Drama, War            ",2001,98,7.9,46823,1.06,84,Danis Tanovic
The Bourne Identity,"Action, Mystery, Thriller            ",2002,119,7.9,538079,121.66,68,Doug Liman
Nueve reinas,"Crime, Drama, Thriller            ",2000,114,7.9,52438,1.22,80,Fabián Bielinsky
Children of Men,"Action, Drama, Sci-Fi            ",2006,109,7.9,491893,35.55,84,Alfonso Cuarón
Wo hu cang long,"Action, Adventure, Drama            ",2000,120,7.9,265605,128.08,94,Ang Lee
Almost Famous,"Adventure, Comedy, Drama            ",2000,122,7.9,272045,32.53,90,Cameron Crowe
Dancer in the Dark,"Crime, Drama, Musical            ",2000,140,7.9,108563,4.18,61,Lars von Trier
Mulholland Dr.,"Drama, Mystery, Thriller            ",2001,147,7.9,347779,7.22,85,David Lynch
Shrek,"Animation, Adventure, Comedy            ",2001,90,7.9,659325,267.67,84,Andrew Adamson
Toy Story 2,"Animation, Adventure, Comedy            ",1999,92,7.9,565812,245.85,88,John Lasseter
Titanic,"Drama, Romance            ",1997,194,7.9,1133405,659.33,75,James Cameron
Knockin' on Heaven's Door,"Action, Crime, Comedy            ",1997,87,7.9,30031,0,,Thomas Jahn
Boogie Nights,Drama            ,1997,155,7.9,259478,26.4,85,Paul Thomas Anderson
Mimi wo sumaseba,"Animation, Drama, Family            ",1995,111,7.9,60585,,75,Yoshifumi Kondô
Kôkaku Kidôtai,"Animation, Action, Crime            ",1995,83,7.9,140163,0.52,76,Mamoru Oshii
Once Were Warriors,"Crime, Drama            ",1994,102,7.9,33885,2.2,77,Lee Tamahori
True Romance,"Crime, Drama, Romance            ",1993,119,7.9,222994,12.28,59,Tony Scott
Trois couleurs: Bleu,"Drama, Music, Mystery            ",1993,94,7.9,99969,1.32,85,Krzysztof Kieslowski
The Nightmare Before Christmas,"Animation, Family, Fantasy            ",1993,76,7.9,326476,75.08,82,Henry Selick
Carlito's Way,"Crime, Drama, Thriller            ",1993,144,7.9,214274,36.95,65,Brian De Palma
Bound by Honor,"Crime, Drama            ",1993,180,7.9,30962,4.5,47,Taylor Hackford
Edward Scissorhands,"Drama, Fantasy, Romance            ",1990,105,7.9,477340,56.36,74,Tim Burton
My Left Foot: The Story of Christy Brown,"Biography, Drama            ",1989,103,7.9,73385,14.74,97,Christy Brown
Do the Right Thing,"Comedy, Drama            ",1989,120,7.9,100044,27.55,93,Spike Lee
The Untouchables,"Crime, Drama, Thriller            ",1987,119,7.9,303273,76.27,79,Eliot Ness
Sacrifice,Drama            ,1986,149,7.9,27767,0.3,,Andrei Tarkovsky
Hannah and Her Sisters,"Comedy, Drama            ",1986,107,7.9,70906,40.08,90,Woody Allen
Brazil,"Drama, Sci-Fi            ",1985,132,7.9,198541,9.93,84,Terry Gilliam
This Is Spinal Tap,"Comedy, Music            ",1984,82,7.9,137909,4.74,92,Rob Reiner
A Christmas Story,"Comedy, Family            ",1983,93,7.9,146222,20.61,77,Bob Clark
E.T. the Extra-Terrestrial,"Adventure, Family, Sci-Fi            ",1982,115,7.9,398491,435.11,91,Steven Spielberg
Kagemusha,"Drama, History, War            ",1980,180,7.9,35282,,84,Akira Kurosawa
The Blues Brothers,"Action, Adventure, Comedy            ",1980,133,7.9,195688,57.23,60,John Landis
Manhattan,"Comedy, Drama, Romance            ",1979,96,7.9,138810,45.7,83,Woody Allen
All the President's Men,"Drama, History, Thriller            ",1976,138,7.9,113319,70.6,84,Bob Woodward
Amarcord,"Comedy, Drama            ",1973,123,7.9,43108,0.58,,Federico Fellini
"Aguirre, der Zorn Gottes","Action, Adventure, Biography            ",1972,95,7.9,56424,,,Werner Herzog
Harold and Maude,"Comedy, Drama, Romance            ",1971,91,7.9,76595,,62,Hal Ashby
Patton,"Biography, Drama, War            ",1970,172,7.9,100998,61.7,91,George S. Patton
Il conformista,Drama            ,1970,113,7.9,29922,0.54,100,Bernardo Bertolucci
The Wild Bunch,"Action, Adventure, Western            ",1969,145,7.9,83642,12.06,97,Sam Peckinpah
The Lion in Winter,"Biography, Drama, History            ",1968,134,7.9,31224,22.28,,Anthony Harvey
In the Heat of the Night,"Drama, Mystery, Thriller            ",1967,110,7.9,75105,24.38,75,Norman Jewison
In Cold Blood,"Biography, Crime, Drama            ",1967,134,7.9,26363,,89,Richard Brooks
Doctor Zhivago,"Drama, Romance, War            ",1965,197,7.9,75665,111.72,69,David Lean
Per un pugno di dollari,"Action, Drama, Western            ",1964,99,7.9,213209,14.5,65,Sergio Leone
Charade,"Comedy, Mystery, Romance            ",1963,113,7.9,75883,13.47,83,Stanley Donen
Vivre sa vie: Film en douze tableaux,Drama            ,1962,80,7.9,31165,,,Jean-Luc Godard
The Manchurian Candidate,"Drama, Thriller            ",1962,126,7.9,74924,,94,John Frankenheimer
Spartacus,"Adventure, Biography, Drama            ",1960,197,7.9,133165,30,87,Stanley Kubrick
Hiroshima mon amour,"Drama, Romance            ",1959,90,7.9,31477,0.09,,Alain Resnais
The Ten Commandments,"Adventure, Drama, Family            ",1956,220,7.9,70228,93.74,,Cecil B. DeMille
The Searchers,"Adventure, Drama, Western            ",1956,119,7.9,87922,,94,John Ford
The Big Heat,"Crime, Film-Noir, Thriller            ",1953,89,7.9,26432,,,Fritz Lang
A Streetcar Named Desire,Drama            ,1951,122,7.9,106709,8,97,Elia Kazan
Strangers on a Train,"Crime, Drama, Film-Noir            ",1951,101,7.9,132168,7.63,88,Alfred Hitchcock
In a Lonely Place,"Drama, Film-Noir, Mystery            ",1950,94,7.9,30959,,,Nicholas Ray
Harvey,"Comedy, Drama, Fantasy            ",1950,104,7.9,55291,,,Henry Koster
Rope,"Crime, Drama, Mystery            ",1948,80,7.9,140808,,73,Alfred Hitchcock
Miracle on 34th Street,"Comedy, Drama, Family            ",1947,96,7.9,47368,2.65,88,George Seaton
Notorious,"Drama, Film-Noir, Romance            ",1946,102,7.9,99856,10.46,100,Alfred Hitchcock
The Big Sleep,"Crime, Film-Noir, Mystery            ",1946,114,7.9,84545,6.54,86,Howard Hawks
La belle et la bête,"Drama, Fantasy, Romance            ",1946,96,7.9,26224,0.3,92,Jean Cocteau
The Lost Weekend,"Drama, Film-Noir            ",1945,101,7.9,36563,9.46,,Billy Wilder
Laura,"Drama, Film-Noir, Mystery            ",1944,88,7.9,46802,4.36,,Otto Preminger
Arsenic and Old Lace,"Comedy, Crime, Thriller            ",1943,118,7.9,70048,,,Frank Capra
Sullivan's Travels,"Adventure, Comedy, Drama            ",1941,90,7.9,26072,,,Preston Sturges
The Philadelphia Story,"Comedy, Romance            ",1940,112,7.9,68374,,96,George Cukor
La règle du jeu,"Comedy, Drama            ",1939,110,7.9,28708,,,Jean Renoir
The Adventures of Robin Hood,"Action, Adventure, Romance            ",1938,102,7.9,50599,3.98,97,Michael Curtiz
The Thin Man,"Comedy, Mystery            ",1934,91,7.9,29238,,86,W.S. Van Dyke
King Kong,"Adventure, Horror, Sci-Fi            ",1933,100,7.9,84451,10,90,Merian C. Cooper
Freaks,"Drama, Horror            ",1932,64,7.9,45764,,80,Tod Browning
Nosferatu,"Fantasy, Horror            ",1922,94,7.9,95313,,,F.W. Murnau
The Gentlemen,"Action, Comedy, Crime            ",2019,113,7.8,313702,,51,Guy Ritchie
Doragon bôru chô: Burorî,"Animation, Action, Adventure            ",2018,100,7.8,26245,30.71,59,Tatsuya Nagamine
Hindi Medium,"Comedy, Drama            ",2017,132,7.8,28002,,,Saket Chaudhary
Call Me by Your Name,"Drama, Romance            ",2017,132,7.8,257629,18.1,93,Luca Guadagnino
"I, Daniel Blake",Drama            ,2016,100,7.8,59109,0.26,78,Ken Loach
Isle of Dogs,"Animation, Adventure, Comedy            ",2018,101,7.8,163194,32.02,82,Wes Anderson
Dunkirk,"Action, Drama, History            ",2017,106,7.8,631769,188.37,94,Christopher Nolan
Hidden Figures,"Biography, Drama, History            ",2016,127,7.8,222443,169.61,74,Theodore Melfi
Hunt for the Wilderpeople,"Adventure, Comedy, Drama            ",2016,101,7.8,127033,5.2,81,Taika Waititi
Paddington 2,"Adventure, Comedy, Family            ",2017,103,7.8,73255,40.44,88,Paul King
Kubo and the Two Strings,"Animation, Action, Adventure            ",2016,101,7.8,127042,48.02,84,Travis Knight
Manchester by the Sea,Drama            ,2016,137,7.8,273796,47.7,96,Kenneth Lonergan
Under sandet,"Drama, History, War            ",2015,100,7.8,40371,0.44,75,Martin Zandvliet
Rogue One,"Action, Adventure, Sci-Fi            ",2016,133,7.8,605294,532.18,65,Gareth Edwards
Captain Fantastic,"Comedy, Drama            ",2016,118,7.8,213845,5.88,72,Matt Ross
Captain America: Civil War,"Action, Adventure, Sci-Fi            ",2016,147,7.8,752955,408.08,75,Anthony Russo
The Hateful Eight,"Crime, Drama, Mystery            ",2015,168,7.8,578134,54.12,68,Quentin Tarantino
Little Women,"Drama, Romance            ",2019,135,7.8,191107,108.1,91,Greta Gerwig
Loving Vincent,"Animation, Biography, Crime            ",2017,94,7.8,56819,6.74,62,Dorota Kobiela
Pride,"Biography, Comedy, Drama            ",2014,119,7.8,55672,,79,Matthew Warchus
Nightcrawler,"Crime, Drama, Thriller            ",2014,117,7.8,523527,32.38,76,Dan Gilroy
Star Wars: Episode VII - The Force Awakens,"Action, Adventure, Sci-Fi            ",2015,138,7.8,908653,936.66,80,J.J. Abrams
The Lunchbox,"Drama, Romance            ",2013,104,7.8,55271,4.23,76,Ritesh Batra
Vicky Donor,"Comedy, Romance            ",2012,126,7.8,42822,0.17,,Shoojit Sircar
Big Hero 6,"Animation, Action, Adventure            ",2014,102,7.8,447694,222.53,74,Don Hall
About Time,"Comedy, Drama, Fantasy            ",2013,123,7.8,337244,15.32,55,Richard Curtis
English Vinglish,"Comedy, Drama, Family            ",2012,134,7.8,35961,1.67,,Gauri Shinde
La migliore offerta,"Crime, Drama, Mystery            ",2013,131,7.8,117109,0.09,49,Giuseppe Tornatore
Captain America: The Winter Soldier,"Action, Adventure, Sci-Fi            ",2014,136,7.8,815583,259.77,70,Anthony Russo
Bir Zamanlar Anadolu'da,"Crime, Drama            ",2011,157,7.8,45878,0.14,82,Nuri Bilge Ceylan
Moonrise Kingdom,"Comedy, Drama, Romance            ",2012,94,7.8,343749,45.51,84,Wes Anderson
How to Train Your Dragon 2,"Animation, Action, Adventure            ",2014,102,7.8,327510,177,77,Dean DeBlois
The Big Short,"Biography, Comedy, Drama            ",2015,130,7.8,415543,70.26,81,Adam McKay
Ang-ma-reul bo-at-da,"Action, Crime, Drama            ",2010,144,7.8,126077,0.13,67,Jee-woon Kim
The Girl with the Dragon Tattoo,"Crime, Drama, Mystery            ",2011,158,7.8,455200,102.52,71,David Fincher
Captain Phillips,"Action, Biography, Crime            ",2013,134,7.8,450847,107.1,82,Richard Phillips
Straight Outta Compton,"Biography, Drama, History            ",2015,147,7.8,197127,161.2,72,NWA
The Irishman,"Biography, Crime, Drama            ",2019,209,7.8,371702,7,94,Martin Scorsese
The Social Network,"Biography, Drama            ",2010,120,7.8,682640,96.96,95,Mark Zuckerberg
Un prophète,"Crime, Drama            ",2009,155,7.8,97880,2.08,90,Jacques Audiard
Madeo,"Crime, Drama, Mystery            ",2009,129,7.8,62074,0.55,79,Bong Joon Ho
Chugyeokja,"Action, Crime, Drama            ",2008,125,7.8,64885,,64,Na Hong-jin
Moon,"Drama, Mystery, Sci-Fi            ",2009,97,7.8,353815,5.01,67,Duncan Jones
The Hobbit: The Desolation of Smaug,"Adventure, Fantasy            ",2013,161,7.8,642621,258.37,66,Peter Jackson
Das weiße Band - Eine deutsche Kindergeschichte,"Drama, Mystery, Thriller            ",2009,144,7.8,72896,2.22,82,Michael Haneke
Män som hatar kvinnor,"Crime, Drama, Mystery            ",2009,152,7.8,215622,10.1,76,Niels Arden Oplev
The Northman,"Action, Adventure, Drama            ",2022,137,7.8,47640,,82,Robert Eggers
Skyfall,"Action, Adventure, Thriller            ",2012,143,7.8,684644,304.36,81,Sam Mendes
The Fighter,"Action, Biography, Drama            ",2010,116,7.8,359965,93.62,79,Micky Ward
Taken,"Action, Crime, Thriller            ",2008,90,7.8,593260,145,51,Pierre Morel
Once,"Drama, Music, Romance            ",2007,86,7.8,115684,9.44,88,John Carney
The Hobbit: An Unexpected Journey,"Adventure, Fantasy            ",2012,169,7.8,803498,303,58,Peter Jackson
Changeling,"Biography, Crime, Drama            ",2008,141,7.8,252488,35.74,63,Clint Eastwood
Atonement,"Drama, Mystery, Romance            ",2007,123,7.8,272324,50.93,85,Joe Wright
Drive,"Action, Drama            ",2011,100,7.8,617773,35.06,78,Nicolas Winding Refn
American Gangster,"Biography, Crime, Drama            ",2007,157,7.8,419010,130.16,76,Ridley Scott
Avatar,"Action, Adventure, Fantasy            ",2009,162,7.8,1192278,760.51,83,James Cameron
Mr. Nobody,"Drama, Fantasy, Romance            ",2009,141,7.8,230006,0,63,Jaco Van Dormael
Apocalypto,"Action, Adventure, Drama            ",2006,139,7.8,307772,50.87,68,Mel Gibson
The Fall,"Adventure, Drama, Fantasy            ",2006,117,7.8,111459,2.28,64,Tarsem Singh
Little Miss Sunshine,"Comedy, Drama            ",2006,101,7.8,470043,59.89,80,Jonathan Dayton
Hot Fuzz,"Action, Comedy, Mystery            ",2007,121,7.8,495785,23.64,81,Edgar Wright
The Curious Case of Benjamin Button,"Drama, Fantasy, Romance            ",2008,166,7.8,634832,127.51,70,David Fincher
Veer-Zaara,"Drama, Family, Musical            ",2004,192,7.8,52277,2.92,67,Yash Chopra
Pride & Prejudice,"Drama, Romance            ",2005,129,7.8,287449,38.41,82,Joe Wright
The World's Fastest Indian,"Biography, Drama, Sport            ",2005,127,7.8,54519,5.13,68,Roger Donaldson
Tôkyô goddofâzâzu,"Animation, Adventure, Comedy            ",2003,92,7.8,38882,0.13,73,Satoshi Kon
Serenity,"Action, Adventure, Sci-Fi            ",2005,119,7.8,293765,25.51,74,Joss Whedon
Crash,"Crime, Drama, Thriller            ",2004,112,7.8,433239,54.58,66,Paul Haggis
Les choristes,"Comedy, Drama, Music            ",2004,97,7.8,61412,3.64,56,Christophe Barratier
Walk the Line,"Biography, Drama, Music            ",2005,136,7.8,247424,119.52,72,Johnny Cash
The Notebook,"Drama, Romance            ",2004,123,7.8,557939,81,53,Nick Cassavetes
The Last Samurai,"Action, Drama            ",2003,154,7.8,429505,111.11,55,Edward Zwick
Diarios de motocicleta,"Adventure, Biography, Drama            ",2004,126,7.8,100582,16.76,75,Walter Salles
Lilja 4-ever,"Crime, Drama            ",2002,109,7.8,45252,0.18,82,Lukas Moodysson
Sennen joyû,"Animation, Drama, Fantasy            ",2001,87,7.8,27272,0.19,70,Satoshi Kon
Cowboy Bebop: Tengoku no tobira,"Animation, Action, Crime            ",2001,115,7.8,47877,1,61,Shin'ichirô Watanabe
Gongdong gyeongbi guyeok JSA,"Action, Drama, Thriller            ",2000,110,7.8,29556,,58,Park Chan-wook
Remember the Titans,"Biography, Drama, Sport            ",2000,113,7.8,211464,115.65,48,Boaz Yakin
Todo sobre mi madre,Drama            ,1999,101,7.8,95516,8.26,87,Pedro Almodóvar
Cast Away,"Adventure, Drama, Romance            ",2000,143,7.8,575647,233.63,73,Robert Zemeckis
The Insider,"Biography, Drama, Thriller            ",1999,157,7.8,169289,28.97,84,Michael Mann
October Sky,"Biography, Drama, Family            ",1999,108,7.8,89580,32.48,71,Joe Johnston
Being John Malkovich,"Comedy, Drama, Fantasy            ",1999,113,7.8,330107,22.86,90,John Malkovich
Gattaca,"Drama, Sci-Fi, Thriller            ",1997,106,7.8,298409,12.34,64,Andrew Niccol
Hamlet,Drama            ,1996,242,7.8,37922,4.41,,Kenneth Branagh
Breaking the Waves,Drama            ,1996,159,7.8,66202,4.04,76,Lars von Trier
Ed Wood,"Biography, Comedy, Drama            ",1994,127,7.8,174208,5.89,70,Edward D. Wood Jr.
Tombstone,"Biography, Drama, History            ",1993,130,7.8,144051,56.51,50,George P. Cosmatos
The Sandlot,"Comedy, Drama, Family            ",1993,101,7.8,88973,32.42,55,David Mickey Evans
The Remains of the Day,"Drama, Romance            ",1993,134,7.8,73062,22.95,86,James Ivory
Jûbê ninpûchô,"Animation, Action, Adventure            ",1993,94,7.8,37014,,,Yoshiaki Kawajiri
The Fugitive,"Action, Crime, Drama            ",1993,130,7.8,288495,183.88,87,Andrew Davis
A Bronx Tale,"Crime, Drama            ",1993,121,7.8,138520,17.27,80,Robert De Niro
Batman: Mask of the Phantasm,"Animation, Action, Adventure            ",1993,76,7.8,49795,5.62,,Kevin Altieri
Boyz n the Hood,"Crime, Drama            ",1991,112,7.8,137893,57.5,76,John Singleton
Misery,"Drama, Thriller            ",1990,107,7.8,203086,61.28,75,Rob Reiner
Awakenings,"Biography, Drama            ",1990,121,7.8,137747,52.1,74,Penny Marshall
Majo no takkyûbin,"Animation, Family, Fantasy            ",1989,103,7.8,139988,,83,Hayao Miyazaki
Glory,"Biography, Drama, History            ",1989,122,7.8,133221,26.83,78,Robert Gould Shaw
Dip huet seung hung,"Action, Crime, Drama            ",1989,111,7.8,48021,,82,John Woo
Crimes and Misdemeanors,"Comedy, Drama            ",1989,104,7.8,57592,18.25,77,Woody Allen
Back to the Future Part II,"Adventure, Comedy, Sci-Fi            ",1989,108,7.8,518000,118.5,57,Robert Zemeckis
Mississippi Burning,"Crime, Drama, History            ",1988,128,7.8,98748,34.6,65,Alan Parker
Predator,"Action, Adventure, Horror            ",1987,107,7.8,399753,59.74,45,John McTiernan
Ferris Bueller's Day Off,Comedy            ,1986,103,7.8,347953,70.14,61,John Hughes
The Breakfast Club,"Comedy, Drama            ",1985,97,7.8,385810,45.88,66,John Hughes
The Killing Fields,"Biography, Drama, History            ",1984,141,7.8,55080,34.7,76,Pol Pot
Ghostbusters,"Action, Comedy, Fantasy            ",1984,105,7.8,404311,238.63,71,Ivan Reitman
The Right Stuff,"Adventure, Biography, Drama            ",1983,193,7.8,60743,21.5,91,Philip Kaufman
The King of Comedy,"Comedy, Crime, Drama            ",1982,109,7.8,100655,2.5,73,Martin Scorsese
Kramer vs. Kramer,Drama            ,1979,105,7.8,143220,106.26,77,Robert Benton
All That Jazz,"Drama, Music, Musical            ",1979,123,7.8,31296,37.82,72,Bob Fosse
Days of Heaven,"Drama, Romance            ",1978,94,7.8,57386,,93,Terrence Malick
Dawn of the Dead,"Horror, Thriller            ",1978,127,7.8,118790,5.1,71,George A. Romero
The Outlaw Josey Wales,Western            ,1976,135,7.8,72476,31.8,69,Clint Eastwood
The Man Who Would Be King,"Adventure, History, War            ",1975,129,7.8,48407,,91,John Huston
La montaña sagrada,"Adventure, Drama, Fantasy            ",1973,114,7.8,41996,0.06,76,Alejandro Jodorowsky
The Conversation,"Drama, Mystery, Thriller            ",1974,113,7.8,109738,4.42,87,Francis Ford Coppola
The Day of the Jackal,"Crime, Drama, Thriller            ",1973,143,7.8,40483,16.06,80,Fred Zinnemann
Le charme discret de la bourgeoisie,Comedy            ,1972,102,7.8,42413,0.2,93,Luis Buñuel
Willy Wonka & the Chocolate Factory,"Family, Fantasy, Musical            ",1971,100,7.8,196319,4,67,Mel Stuart
Midnight Cowboy,Drama            ,1969,113,7.8,109512,44.79,79,John Schlesinger
Night of the Living Dead,"Horror, Thriller            ",1968,96,7.8,125839,0.09,89,George A. Romero
Guess Who's Coming to Dinner,"Comedy, Drama            ",1967,108,7.8,44729,56.7,63,Stanley Kramer
Les parapluies de Cherbourg,"Drama, Musical, Romance            ",1964,91,7.8,27097,0.03,86,Jacques Demy
My Fair Lady,"Drama, Family, Musical            ",1964,170,7.8,94190,72,95,George Cukor
Mary Poppins,"Comedy, Family, Fantasy            ",1964,139,7.8,169166,102.27,88,Robert Stevenson
The Innocents,Horror            ,1961,100,7.8,29900,2.62,88,Jack Clayton
L'avventura,"Drama, Mystery, Romance            ",1960,144,7.8,29353,,,Michelangelo Antonioni
East of Eden,Drama            ,1955,118,7.8,44956,,72,Elia Kazan
The Day the Earth Stood Still,"Drama, Sci-Fi            ",1951,92,7.8,81088,,,Robert Wise
The Asphalt Jungle,"Crime, Drama, Film-Noir            ",1950,112,7.8,26610,,85,John Huston
Red River,"Drama, Western            ",1948,133,7.8,30867,,,Howard Hawks
To Have and Have Not,"Adventure, Comedy, Film-Noir            ",1944,100,7.8,34206,,90,Howard Hawks
Gaslight,"Crime, Drama, Mystery            ",1944,114,7.8,28264,,,George Cukor
Shadow of a Doubt,"Film-Noir, Thriller            ",1943,108,7.8,64592,,94,Alfred Hitchcock
His Girl Friday,"Comedy, Drama, Romance            ",1940,92,7.8,57863,0.3,,Howard Hawks
Stagecoach,"Adventure, Drama, Western            ",1939,96,7.8,48184,,93,John Ford
You Can't Take It with You,"Comedy, Drama, Romance            ",1938,126,7.8,25510,4.66,,Frank Capra
The Lady Vanishes,"Mystery, Thriller            ",1938,96,7.8,51880,,98,Alfred Hitchcock
Bringing Up Baby,Comedy            ,1938,102,7.8,60787,,91,Howard Hawks
A Night at the Opera,"Comedy, Music, Musical            ",1935,96,7.8,32660,2.54,,Sam Wood
Bride of Frankenstein,"Drama, Horror, Sci-Fi            ",1935,75,7.8,47472,4.36,95,Mary Shelley
Duck Soup,"Comedy, Musical            ",1933,69,7.8,59703,,93,Leo McCarey
Frankenstein,"Drama, Horror, Sci-Fi            ",1931,70,7.8,71060,,91,James Whale
Roma,Drama            ,2018,135,7.7,154624,,96,Alfonso Cuarón
Deadpool 2,"Action, Adventure, Comedy            ",2018,119,7.7,552988,324.59,66,David Leitch
Sound of Metal,"Drama, Music            ",2019,120,7.7,119048,,82,Darius Marder
Wind River,"Crime, Drama, Mystery            ",2017,107,7.7,243015,33.8,73,Taylor Sheridan
Forushande,Drama            ,2016,124,7.7,59645,2.4,85,Asghar Farhadi
Get Out,"Horror, Mystery, Thriller            ",2017,104,7.7,560531,176.04,85,Jordan Peele
Mission: Impossible - Fallout,"Action, Adventure, Thriller            ",2018,147,7.7,320873,220.16,86,Christopher McQuarrie
Perfetti sconosciuti,"Comedy, Drama            ",2016,96,7.7,63991,,,Paolo Genovese
Udta Punjab,"Crime, Drama            ",2016,148,7.7,30026,,,Abhishek Chaubey
En man som heter Ove,"Comedy, Drama, Romance            ",2015,116,7.7,53619,3.36,70,Hannes Holm
Omoide no Mânî,"Animation, Drama, Family            ",2014,103,7.7,39154,0.77,72,Hiromasa Yonebayashi
The Theory of Everything,"Biography, Drama, Romance            ",2014,123,7.7,440117,35.89,71,Stephen Hawking
Kingsman: The Secret Service,"Action, Adventure, Comedy            ",2014,129,7.7,651951,128.26,60,Matthew Vaughn
The Fault in Our Stars,"Drama, Romance            ",2014,126,7.7,368598,124.87,69,Josh Boone
Me and Earl and the Dying Girl,"Comedy, Drama            ",2015,105,7.7,130080,6.74,74,Alfonso Gomez-Rejon
Birdman or (The Unexpected Virtue of Ignorance),"Comedy, Drama            ",2014,119,7.7,617697,42.34,87,Alejandro G. Iñárritu
Le passé,"Drama, Mystery            ",2013,130,7.7,48498,1.33,85,Asghar Farhadi
La grande bellezza,Drama            ,2013,141,7.7,89228,2.85,86,Paolo Sorrentino
La vie d'Adèle,"Drama, Romance            ",2013,180,7.7,149348,2.2,89,Abdellatif Kechiche
The Broken Circle Breakdown,"Drama, Music, Romance            ",2012,111,7.7,40963,0.18,70,Felix van Groeningen
Kaze tachinu,"Animation, Biography, Drama            ",2013,126,7.7,83204,5.21,83,Hayao Miyazaki
Toy Story 4,"Animation, Adventure, Comedy            ",2019,100,7.7,237931,434.04,84,Josh Cooley
Nebraska,"Adventure, Comedy, Drama            ",2013,115,7.7,117196,17.65,87,Alexander Payne
Wreck-It Ralph,"Animation, Adventure, Comedy            ",2012,101,7.7,411513,189.42,72,Rich Moore
Le Petit Prince,"Animation, Adventure, Drama            ",2015,108,7.7,61272,1.34,70,Mark Osborne
Detachment,Drama            ,2011,98,7.7,83826,0.07,52,Tony Kaye
Midnight in Paris,"Comedy, Fantasy, Romance            ",2011,94,7.7,416080,56.82,81,Woody Allen
Kokuhaku,"Drama, Thriller            ",2010,106,7.7,38616,,,Tetsuya Nakashima
Ajeossi,"Action, Crime, Drama            ",2010,119,7.7,68547,0.01,,Jeong-beom Lee
The Lego Movie,"Animation, Action, Adventure            ",2014,100,7.7,346327,257.76,83,Christopher Miller
Gravity,"Action, Drama, Sci-Fi            ",2013,91,7.7,811576,274.09,96,Alfonso Cuarón
Star Trek Into Darkness,"Action, Adventure, Sci-Fi            ",2013,132,7.7,479188,228.78,72,J.J. Abrams
Beasts of No Nation,"Drama, War            ",2015,137,7.7,80181,0.08,79,Cary Joji Fukunaga
X: First Class,"Action, Adventure, Sci-Fi            ",2011,131,7.7,679975,146.41,65,Matthew Vaughn
The Hangover,Comedy            ,2009,100,7.7,766953,277.32,73,Todd Phillips
The Trial of the Chicago 7,"Drama, History, Thriller            ",2020,129,7.7,171000,,76,Aaron Sorkin
Silver Linings Playbook,"Comedy, Drama, Romance            ",2012,122,7.7,698350,132.09,81,David O. Russell
Druk,"Comedy, Drama            ",2020,117,7.7,142851,,79,Thomas Vinterberg
Argo,"Biography, Drama, Thriller            ",2012,120,7.7,605598,136.03,86,Ben Affleck
(500) Days of Summer,"Comedy, Drama, Romance            ",2009,95,7.7,502726,32.39,76,Marc Webb
Harry Potter and the Deathly Hallows: Part 1,"Adventure, Family, Fantasy            ",2010,146,7.7,530913,295.98,65,David Yates
The Boy in the Striped Pyjamas,"Drama, War            ",2008,94,7.7,212699,9.03,55,Mark Herman
Auf der anderen Seite,Drama            ,2007,122,7.7,31958,0.74,85,Fatih Akin
Frost/Nixon,"Biography, Drama, History            ",2008,122,7.7,107438,18.59,80,David Frost
Papurika,"Animation, Drama, Fantasy            ",2006,90,7.7,80733,0.88,81,Satoshi Kon
Flipped,"Comedy, Drama, Romance            ",2010,90,7.7,88863,1.75,45,Rob Reiner
Toki o kakeru shôjo,"Animation, Adventure, Comedy            ",2006,98,7.7,65190,,,Mamoru Hosoda
This Is England,"Crime, Drama            ",2006,101,7.7,121257,0.33,86,Shane Meadows
Ex Machina,"Drama, Sci-Fi, Thriller            ",2014,108,7.7,526442,25.44,78,Alex Garland
Efter brylluppet,Drama            ,2006,120,7.7,34396,0.41,78,Susanne Bier
The Last King of Scotland,"Biography, Drama, History            ",2006,123,7.7,184460,17.61,74,Idi Amin
Zodiac,"Crime, Drama, Mystery            ",2007,157,7.7,523805,33.08,78,David Fincher
Lucky Number Slevin,"Crime, Drama, Thriller            ",2006,110,7.7,310547,22.49,53,Paul McGuigan
Joyeux Noël,"Drama, History, Music            ",2005,116,7.7,29651,1.05,70,Christian Carion
Control,"Biography, Drama, Music            ",2007,122,7.7,64736,0.87,78,Ian Curtis
Adams æbler,"Comedy, Crime, Drama            ",2005,94,7.7,50174,0,51,Anders Thomas Jensen
Tangled,"Animation, Adventure, Comedy            ",2010,100,7.7,440024,200.82,71,Nathan Greno
Zwartboek,"Drama, Thriller, War            ",2006,145,7.7,76347,4.4,71,Paul Verhoeven
Brokeback Mountain,"Drama, Romance            ",2005,134,7.7,350292,83.04,87,Ang Lee
3:10 to Yuma,"Action, Crime, Drama            ",2007,122,7.7,306142,53.61,76,James Mangold
Kung fu,"Action, Comedy, Fantasy            ",2004,99,7.7,136870,17.11,78,Stephen Chow
The Bourne Supremacy,"Action, Mystery, Thriller            ",2004,108,7.7,457054,176.24,73,Paul Greengrass
The Machinist,"Drama, Thriller            ",2004,101,7.7,381749,1.08,61,Brad Anderson
Ray,"Biography, Drama, Music            ",2004,152,7.7,146065,75.33,73,Ray Charles
Ondskan,Drama            ,2003,113,7.7,38087,0.02,61,Mikael Håfström
Lost in Translation,"Comedy, Drama            ",2003,102,7.7,444432,44.59,89,Sofia Coppola
Harry Potter and the Goblet of Fire,"Adventure, Family, Fantasy            ",2005,157,7.7,607198,290.01,81,Mike Newell
Man on Fire,"Action, Crime, Drama            ",2004,146,7.7,356337,77.91,47,Tony Scott
Coraline,"Animation, Drama, Family            ",2009,100,7.7,219253,75.29,80,Henry Selick
The Magdalene Sisters,Drama            ,2002,114,7.7,27108,4.89,83,Peter Mullan
21 Grams,"Crime, Drama, Thriller            ",2003,124,7.7,234502,16.29,70,Alejandro G. Iñárritu
Finding Neverland,"Biography, Drama, Family            ",2004,106,7.7,204817,51.68,67,J.M. Barrie
Good Bye Lenin!,"Comedy, Drama, Romance            ",2003,121,7.7,144802,4.06,68,Wolfgang Becker
In America,Drama            ,2002,105,7.7,42950,15.54,76,Jim Sheridan
Les triplettes de Belleville,"Animation, Comedy, Drama            ",2003,78,7.7,54114,7,91,Sylvain Chomet
Adaptation.,"Comedy, Drama            ",2002,115,7.7,190229,22.25,83,Susan Orlean
Black Hawk Down,"Action, Drama, History            ",2001,144,7.7,388819,108.64,74,Ridley Scott
Road to Perdition,"Crime, Drama, Thriller            ",2002,117,7.7,263406,104.45,72,Sam Mendes
Das Experiment,"Drama, Thriller            ",2001,120,7.7,93429,0.14,60,Oliver Hirschbiegel
Billy Elliot,"Drama, Music            ",2000,110,7.7,133606,22,74,Stephen Daldry
Hedwig and the Angry Inch,"Comedy, Drama, Music            ",2001,95,7.7,35316,3.03,85,John Cameron Mitchell
The Count of Monte Cristo,"Action, Adventure, Drama            ",2002,131,7.7,136445,54.23,61,Kevin Reynolds
Y tu mamá también,Drama            ,2001,106,7.7,121678,13.62,88,Alfonso Cuarón
Waking Life,"Animation, Drama, Fantasy            ",2001,99,7.7,63627,2.89,83,Richard Linklater
Ocean's Eleven,"Crime, Thriller            ",2001,116,7.7,558035,183.42,74,Steven Soderbergh
"O Brother, Where Art Thou?","Adventure, Comedy, Crime            ",2000,107,7.7,306488,45.51,69,Joel Coen
Minority Report,"Action, Crime, Mystery            ",2002,145,7.7,539854,132.07,80,Steven Spielberg
"South Park: Bigger, Longer & Uncut","Animation, Comedy, Fantasy            ",1999,81,7.7,202240,52.04,73,Trey Parker
Office Space,Comedy            ,1999,89,7.7,260694,10.82,68,Mike Judge
Happiness,"Comedy, Drama            ",1998,134,7.7,69729,2.81,81,Todd Solondz
The Boondock Saints,"Action, Thriller            ",1999,108,7.7,237258,0.03,44,Troy Duffy
Training Day,"Action, Crime, Drama            ",2001,122,7.7,424693,76.63,69,Antoine Fuqua
Lola rennt,"Crime, Drama, Thriller            ",1998,81,7.7,196919,7.27,77,Tom Tykwer
Abre los ojos,"Drama, Mystery, Sci-Fi            ",1997,119,7.7,68720,0.37,,Alejandro Amenábar
Ta'm e guilass,Drama            ,1997,95,7.7,29968,0.31,80,Abbas Kiarostami
As Good as It Gets,"Comedy, Drama, Romance            ",1997,139,7.7,294673,148.48,67,James L. Brooks
Hana-bi,"Crime, Drama, Romance            ",1997,103,7.7,30287,0.23,,Takeshi Kitano
The Game,"Drama, Mystery, Thriller            ",1997,129,7.7,383236,48.32,61,David Fincher
Donnie Brasco,"Biography, Crime, Drama            ",1997,127,7.7,300391,41.91,76,Mike Newell
Chun gwong cha sit,"Drama, Romance            ",1997,96,7.7,28138,0.19,70,Kar-Wai Wong
Shine,"Biography, Drama, Music            ",1996,105,7.7,53932,35.81,87,Scott Hicks
Primal Fear,"Crime, Drama, Mystery            ",1996,129,7.7,208228,56.12,47,Gregory Hoblit
Sense and Sensibility,"Drama, Romance            ",1995,136,7.7,113634,43.18,84,Ang Lee
Apollo 13,"Adventure, Drama, History            ",1995,140,7.7,289382,173.84,77,Ron Howard
Il postino,"Biography, Comedy, Drama            ",1994,108,7.7,36132,21.85,81,Michael Radford
Clerks,Comedy            ,1994,92,7.7,219748,3.15,70,Kevin Smith
What's Eating Gilbert Grape,Drama            ,1993,118,7.7,232273,9.17,73,Lasse Hallström
Short Cuts,"Comedy, Drama            ",1993,188,7.7,44556,6.11,79,Robert Altman
Philadelphia,Drama            ,1993,125,7.7,238085,77.32,66,Jonathan Demme
Naked,"Comedy, Drama            ",1993,131,7.7,38733,1.77,85,Mike Leigh
The Muppet Christmas Carol,"Comedy, Drama, Family            ",1992,85,7.7,57515,27.28,64,Brian Henson
Malcolm X,"Biography, Drama, History            ",1992,202,7.7,93240,48.17,73,Spike Lee
The Last of the Mohicans,"Action, Adventure, Drama            ",1992,112,7.7,165806,75.51,76,Michael Mann
Lat sau san taam,"Action, Crime, Thriller            ",1992,128,7.7,49966,,,John Woo
Porco Rosso,"Animation, Adventure, Comedy            ",1992,94,7.7,87168,,83,Hayao Miyazaki
Glengarry Glen Ross,"Crime, Drama, Mystery            ",1992,100,7.7,103706,10.73,82,James Foley
A Few Good Men,"Drama, Thriller            ",1992,138,7.7,256349,141.34,62,Rob Reiner
Night on Earth,"Comedy, Drama            ",1991,129,7.7,59789,2.02,68,Jim Jarmusch
Fried Green Tomatoes,Drama            ,1991,130,7.7,73568,82.42,64,Jon Avnet
La double vie de Véronique,"Drama, Fantasy, Music            ",1991,98,7.7,47741,2,86,Krzysztof Kieslowski
Yume,"Drama, Fantasy            ",1990,119,7.7,26133,1.96,,Akira Kurosawa
Miller's Crossing,"Crime, Drama, Thriller            ",1990,115,7.7,133860,5.08,66,Joel Coen
Home Alone,"Comedy, Family            ",1990,103,7.7,552458,285.76,63,Chris Columbus
When Harry Met Sally...,"Comedy, Drama, Romance            ",1989,95,7.7,213205,92.82,76,Rob Reiner
Who Framed Roger Rabbit,"Animation, Adventure, Comedy            ",1988,104,7.7,196644,156.45,83,Robert Zemeckis
Spoorloos,"Mystery, Thriller            ",1988,107,7.7,38239,,,George Sluizer
The Last Emperor,"Biography, Drama, History            ",1987,163,7.7,101725,43.98,76,Bernardo Bertolucci
Evil Dead II,"Comedy, Horror            ",1987,84,7.7,160226,5.92,72,Sam Raimi
Empire of the Sun,"Drama, History, War            ",1987,153,7.7,123845,22.24,62,Steven Spielberg
Der Name der Rose,"Drama, History, Mystery            ",1986,130,7.7,107622,7.15,54,Jean-Jacques Annaud
Down by Law,"Comedy, Crime, Drama            ",1986,107,7.7,51127,1.44,75,Jim Jarmusch
Blue Velvet,"Crime, Drama, Mystery            ",1986,120,7.7,195030,8.55,76,David Lynch
The Purple Rose of Cairo,"Comedy, Fantasy, Romance            ",1985,82,7.7,51159,10.63,75,Woody Allen
The Goonies,"Adventure, Comedy, Family            ",1985,114,7.7,264990,61.5,62,Richard Donner
The Color Purple,Drama            ,1985,154,7.7,85341,98.47,78,Steven Spielberg
Zelig,Comedy            ,1983,79,7.7,41829,11.8,,Woody Allen
The Verdict,Drama            ,1982,129,7.7,39763,54,77,Sidney Lumet
Star Trek II: The Wrath of Khan,"Action, Adventure, Sci-Fi            ",1982,113,7.7,119554,78.91,67,Nicholas Meyer
First Blood,"Action, Adventure, Thriller            ",1982,93,7.7,245922,47.21,61,Ted Kotcheff
Ordinary People,Drama            ,1980,124,7.7,51437,54.8,86,Robert Redford
Airplane!,Comedy            ,1980,88,7.7,233144,83.4,78,Jim Abrahams
Halloween,"Horror, Thriller            ",1978,91,7.7,265702,47,87,John Carpenter
Nashville,"Comedy, Drama, Music            ",1975,160,7.7,26002,14.82,96,Robert Altman
Love and Death,"Comedy, War            ",1975,85,7.7,38238,,89,Woody Allen
Blazing Saddles,"Comedy, Western            ",1974,93,7.7,136573,119.5,73,Mel Brooks
Serpico,"Biography, Crime, Drama            ",1973,130,7.7,120685,29.8,87,Frank Serpico
La planète sauvage,"Animation, Sci-Fi            ",1973,72,7.7,30282,0.19,73,René Laloux
Badlands,"Action, Crime, Drama            ",1973,94,7.7,71975,,93,Terrence Malick
Deliverance,"Adventure, Drama, Thriller            ",1972,109,7.7,106748,7.06,80,John Boorman
Cabaret,"Drama, Music, Musical            ",1972,124,7.7,54053,42.77,80,Bob Fosse
The French Connection,"Action, Crime, Drama            ",1971,104,7.7,120648,15.63,94,William Friedkin
Dirty Harry,"Action, Crime, Thriller            ",1971,102,7.7,153618,35.9,87,Don Siegel
Wait Until Dark,Thriller            ,1967,108,7.7,30281,17.55,81,Terence Young
The Dirty Dozen,"Action, Adventure, War            ",1967,150,7.7,71975,45.3,73,Robert Aldrich
Bonnie and Clyde,"Action, Biography, Crime            ",1967,111,7.7,111261,,86,Bonnie Parker
Belle de jour,"Drama, Romance            ",1967,100,7.7,43815,0.03,,Luis Buñuel
A Man for All Seasons,"Biography, Drama, History            ",1966,120,7.7,34247,28.35,72,Fred Zinnemann
Zulu,"Drama, History, War            ",1964,138,7.7,38808,,77,Cy Endfield
Goldfinger,"Action, Adventure, Thriller            ",1964,110,7.7,187046,51.08,87,Guy Hamilton
The Birds,"Drama, Horror, Mystery            ",1963,119,7.7,185166,11.4,90,Alfred Hitchcock
The Longest Day,"Action, Drama, History            ",1962,178,7.7,55196,39.1,75,Ken Annakin
Cape Fear,"Drama, Thriller            ",1962,106,7.7,28851,,76,J. Lee Thompson
Jules et Jim,"Drama, Romance            ",1962,105,7.7,40937,,97,François Truffaut
The Magnificent Seven,"Action, Adventure, Western            ",1960,128,7.7,93782,4.91,74,John Sturges
À bout de souffle,"Crime, Drama            ",1960,90,7.7,79758,0.34,,Jean-Luc Godard
Invasion of the Body Snatchers,"Drama, Horror, Sci-Fi            ",1956,80,7.7,48975,,92,Don Siegel
Rebel Without a Cause,Drama            ,1955,111,7.7,89401,,89,Nicholas Ray
The Caine Mutiny,"Drama, War            ",1954,124,7.7,27374,21.75,63,Edward Dmytryk
The Quiet Man,"Comedy, Drama, Romance            ",1952,129,7.7,38251,10.55,85,John Ford
The African Queen,"Adventure, Drama, Romance            ",1951,105,7.7,77820,0.54,91,John Huston
Key Largo,"Action, Crime, Drama            ",1948,100,7.7,40321,,,John Huston
Fantasia,"Animation, Family, Fantasy            ",1940,125,7.7,94657,76.41,96,James Algar
Scarface,"Action, Crime, Drama            ",1932,93,7.7,27643,,87,Howard Hawks
Dark Waters,"Biography, Drama, History            ",2019,126,7.6,84146,,73,Todd Haynes
The Mitchells vs the Machines,"Animation, Adventure, Comedy            ",2021,113,7.6,100723,,81,Michael Rianda
Searching,"Drama, Mystery, Thriller            ",2018,102,7.6,158983,26.02,71,Aneesh Chaganty
Once Upon a Time in... Hollywood,"Comedy, Drama            ",2019,161,7.6,686945,142.5,83,Quentin Tarantino
Guardians of the Galaxy Vol. 2,"Action, Adventure, Comedy            ",2017,136,7.6,649271,389.81,67,James Gunn
Baby Driver,"Action, Crime, Drama            ",2017,113,7.6,511741,107.83,86,Edgar Wright
Bridge of Spies,"Drama, History, Thriller            ",2015,142,7.6,306401,72.31,81,Steven Spielberg
Incredibles 2,"Animation, Action, Adventure            ",2018,118,7.6,285066,608.58,80,Brad Bird
Moana,"Animation, Adventure, Comedy            ",2016,107,7.6,320416,248.76,81,Ron Clements
What We Do in the Shadows,"Comedy, Horror            ",2014,86,7.6,177922,3.33,76,Jemaine Clement
Sicario,"Action, Crime, Drama            ",2015,121,7.6,416560,46.89,82,Denis Villeneuve
Creed,"Action, Drama, Sport            ",2015,133,7.6,267127,109.77,82,Ryan Coogler
Leviafan,"Crime, Drama            ",2014,140,7.6,52981,1.09,92,Andrey Zvyagintsev
Hell or High Water,"Action, Crime, Drama            ",2016,102,7.6,225112,26.86,88,David Mackenzie
Philomena,"Biography, Comedy, Drama            ",2013,98,7.6,99258,37.71,77,Stephen Frears
Dawn of the Planet of the Apes,"Action, Adventure, Drama            ",2014,130,7.6,433698,208.55,79,Matt Reeves
Serbuan maut,"Action, Crime, Thriller            ",2011,101,7.6,201837,4.11,73,Gareth Evans
End of Watch,"Action, Adventure, Crime            ",2012,109,7.6,243783,41,68,David Ayer
127 Hours,"Biography, Drama            ",2010,94,7.6,370986,18.34,82,Danny Boyle
A Star Is Born,"Drama, Music, Romance            ",2018,136,7.6,372809,215.29,88,Bradley Cooper
True Grit,"Drama, Western            ",2010,110,7.6,333572,171.24,80,Ethan Coen
Despicable Me,"Animation, Adventure, Comedy            ",2010,95,7.6,532800,251.51,72,Pierre Coffin
Rise of the Planet of the Apes,"Action, Drama, Sci-Fi            ",2011,105,7.6,519623,176.76,68,Rupert Wyatt
50/50,"Comedy, Drama, Romance            ",2011,100,7.6,327250,35.01,72,Jonathan Levine
Kick-Ass,"Action, Comedy, Crime            ",2010,117,7.6,553027,48.07,66,Matthew Vaughn
Celda 211,"Action, Crime, Drama            ",2009,113,7.6,67112,,,Daniel Monzón
Moneyball,"Biography, Drama, Sport            ",2011,133,7.6,410687,75.61,87,Bennett Miller
La piel que habito,"Drama, Horror, Thriller            ",2011,120,7.6,150050,3.19,70,Pedro Almodóvar
Zombieland,"Action, Comedy, Horror            ",2009,88,7.6,560461,75.59,73,Ruben Fleischer
Die Welle,"Drama, Thriller            ",2008,107,7.6,108107,,,Dennis Gansel
The Blind Side,"Biography, Drama, Sport            ",2009,129,7.6,323835,255.96,53,John Lee Hancock
Gake no ue no Ponyo,"Animation, Adventure, Comedy            ",2008,101,7.6,139632,15.09,86,Hayao Miyazaki
Superbad,Comedy            ,2007,113,7.6,562599,121.46,76,Greg Mottola
Seven Pounds,Drama            ,2008,123,7.6,299739,69.95,36,Gabriele Muccino
Eastern Promises,"Crime, Drama, Thriller            ",2007,100,7.6,239882,17.11,82,David Cronenberg
Stardust,"Adventure, Family, Fantasy            ",2007,127,7.6,269197,38.63,66,Matthew Vaughn
United 93,"Action, Drama, History            ",2006,111,7.6,105616,31.57,90,Paul Greengrass
Inside Man,"Crime, Drama, Mystery            ",2006,129,7.6,366046,88.51,76,Spike Lee
Gone Baby Gone,"Crime, Drama, Mystery            ",2007,114,7.6,269026,20.3,72,Ben Affleck
Kung Fu Panda,"Animation, Action, Adventure            ",2008,92,7.6,455717,215.43,74,Mark Osborne
300,"Action, Drama            ",2006,117,7.6,802572,210.61,52,Zack Snyder
Match Point,"Drama, Romance, Thriller            ",2005,124,7.6,215913,23.09,72,Woody Allen
Watchmen,"Action, Drama, Mystery            ",2009,162,7.6,541310,107.51,56,Zack Snyder
Lord of War,"Crime, Drama            ",2005,122,7.6,311262,24.15,62,Andrew Niccol
Saw,"Horror, Mystery, Thriller            ",2004,103,7.6,410230,56,46,James Wan
Vera Drake,"Crime, Drama            ",2004,125,7.6,25362,3.75,83,Mike Leigh
Mysterious Skin,Drama            ,2004,105,7.6,69070,0.7,73,Gregg Araki
Un long dimanche de fiançailles,"Drama, Mystery, Romance            ",2004,133,7.6,73513,6.17,76,Jean-Pierre Jeunet
The Station Agent,"Comedy, Drama            ",2003,89,7.6,70117,5.74,81,Tom McCarthy
Love Actually,"Comedy, Drama, Romance            ",2003,135,7.6,474353,59.7,55,Richard Curtis
25th Hour,Drama            ,2002,135,7.6,177290,13.06,68,Spike Lee
The Butterfly Effect,"Drama, Sci-Fi, Thriller            ",2004,113,7.6,480285,57.94,30,Eric Bress
I Am Sam,Drama            ,2001,132,7.6,149144,40.31,28,Jessie Nelson
Batoru rowaiaru,"Action, Adventure, Drama            ",2000,114,7.6,180610,,81,Kinji Fukasaku
The Royal Tenenbaums,"Comedy, Drama            ",2001,110,7.6,287436,52.36,76,Wes Anderson
Harry Potter and the Sorcerer's Stone,"Adventure, Family, Fantasy            ",2001,152,7.6,751964,317.58,65,Chris Columbus
The Others,"Horror, Mystery, Thriller            ",2001,101,7.6,359021,96.52,74,Alejandro Amenábar
Traffic,"Crime, Drama, Thriller            ",2000,147,7.6,205583,124.12,86,Steven Soderbergh
American Psycho,"Crime, Drama, Horror            ",2000,102,7.6,567311,15.07,64,Mary Harron
Rushmore,"Comedy, Drama, Romance            ",1998,93,7.6,182910,17.11,86,Wes Anderson
Star Wars: Episode III - Revenge of the Sith,"Action, Adventure, Fantasy            ",2005,140,7.6,763357,380.26,68,George Lucas
The Thin Red Line,"Drama, History, War            ",1998,170,7.6,185308,36.4,78,James Jones
Mulan,"Animation, Adventure, Comedy            ",1998,88,7.6,279485,120.62,71,Tony Bancroft
The Fifth Element,"Action, Adventure, Sci-Fi            ",1997,126,7.6,463455,63.54,52,Luc Besson
Le dîner de cons,Comedy            ,1998,80,7.6,41125,4.07,73,Francis Veber
Dark City,"Fantasy, Mystery, Sci-Fi            ",1998,100,7.6,197933,14.38,66,Alex Proyas
Die Hard: With a Vengeance,"Action, Adventure, Thriller            ",1995,128,7.6,382384,100.01,58,John McTiernan
The Bridges of Madison County,"Drama, Romance            ",1995,135,7.6,79968,71.52,69,Clint Eastwood
Trois couleurs: Blanc,"Comedy, Drama, Romance            ",1994,92,7.6,72154,1.46,88,Krzysztof Kieslowski
Falling Down,"Crime, Drama, Thriller            ",1993,113,7.6,186321,40.9,56,Joel Schumacher
My Cousin Vinny,"Comedy, Crime            ",1992,120,7.6,121511,52.93,68,Jonathan Lynn
Barton Fink,"Comedy, Drama, Thriller            ",1991,116,7.6,119931,6.15,69,Joel Coen
The Godfather: Part III,"Crime, Drama            ",1990,162,7.6,387196,66.67,60,Francis Ford Coppola
The Little Mermaid,"Animation, Adventure, Comedy            ",1989,83,7.6,255611,111.54,88,Ron Clements
The Naked Gun: From the Files of Police Squad!,"Comedy, Crime            ",1988,85,7.6,165742,78.76,76,Queen Elizabeth II
RoboCop,"Action, Crime, Sci-Fi            ",1987,102,7.6,252431,53.42,67,Paul Verhoeven
Lethal Weapon,"Action, Crime, Thriller            ",1987,109,7.6,254005,65.21,68,Richard Donner
The Fly,"Drama, Horror, Sci-Fi            ",1986,96,7.6,176358,40.46,79,David Cronenberg
After Hours,"Comedy, Crime, Drama            ",1985,97,7.6,67783,10.6,90,Martin Scorsese
Mad Max 2,"Action, Adventure, Sci-Fi            ",1981,96,7.6,177452,12.47,77,George Miller
Close Encounters of the Third Kind,"Drama, Sci-Fi            ",1977,138,7.6,198110,132.09,90,Steven Spielberg
The Taking of Pelham One Two Three,"Action, Crime, Thriller            ",1974,104,7.6,30203,2.49,68,Joseph Sargent
Enter the Dragon,"Action, Crime, Drama            ",1973,102,7.6,103244,25,83,Robert Clouse
Where Eagles Dare,"Action, Adventure, War            ",1968,158,7.6,57477,,63,Brian G. Hutton
The Odd Couple,Comedy            ,1968,105,7.6,34559,44.53,86,Gene Saks
The Jungle Book,"Animation, Adventure, Comedy            ",1967,78,7.6,178545,141.84,65,Wolfgang Reitherman
Repulsion,"Drama, Horror, Thriller            ",1965,105,7.6,52603,,91,Roman Polanski
Breakfast at Tiffany's,"Comedy, Drama, Romance            ",1961,115,7.6,177237,,76,Blake Edwards
Peeping Tom,"Drama, Horror, Thriller            ",1960,101,7.6,34803,0.08,,Michael Powell
Les yeux sans visage,"Drama, Horror            ",1960,90,7.6,31032,0.05,90,Georges Franju
Sabrina,"Comedy, Drama, Romance            ",1954,113,7.6,64057,,72,Billy Wilder
From Here to Eternity,"Drama, Romance, War            ",1953,118,7.6,46523,30.5,85,Fred Zinnemann
Snow White and the Seven Dwarfs,"Animation, Adventure, Family            ",1937,83,7.6,195286,184.93,95,William Cottrell
The 39 Steps,"Crime, Mystery, Thriller            ",1935,86,7.6,56302,,93,Alfred Hitchcock
The Invisible Man,"Horror, Sci-Fi            ",1933,71,7.6,34397,,87,James Whale
